DNA \ Assay,snpCA00171,snpCA00177,snpCA00178,snpCA00181,snpCA00184,snpCA00188,snpCA00192,snpCA00193,snpCA00197,snpCA00203,snpCA00206,snpCA00207,snpCA00209,snpCA00216
ICC 11142,A:A,A:A,A:A,T:T,C:C,G:G,G:G,G:G,G:G,G:G,A:A,C:C,C:C,C:C
ICC 11142:10,A:A,A:A,A:A,T:T,C:C,G:G,G:G,G:G,G:G,G:G,A:A,C:C,C:C,C:C
ICC 11142:11,A:A,A:A,A:A,T:T,C:C,G:G,G:G,G:G,G:G,G:G,A:A,C:C,C:C,C:C
ICC 11142:12,A:A,A:A,A:A,T:T,C:C,G:G,G:G,G:G,G:G,G:G,A:A,C:C,C:C,C:C
ICC 11142:13,A:A,A:A,A:A,T:T,C:C,G:G,G:G,G:G,G:G,G:G,A:A,C:C,C:C,C:C
ICC 11142:14,A:A,A:A,A:A,T:T,C:C,G:G,G:G,G:G,G:G,G:G,A:A,C:C,C:C,C:C
ICC 11142:15,A:A,A:A,A:A,T:T,C:C,G:G,G:G,G:G,G:G,G:G,A:A,C:C,C:C,C:C
ICC 11142:16,A:A,A:A,A:A,T:T,Uncallable,G:G,G:G,G:G,G:G,G:G,A:A,C:C,C:C,C:C
ICC 11142:17,A:A,A:A,A:A,T:T,C:C,G:G,G:G,G:G,G:G,G:G,A:A,C:C,C:C,C:C
ICC 14189,A:A,A:A,A:A,T:T,C:C,G:G,G:G,G:G,A:A,G:G,A:A,G:G,C:C,A:A
ICC 14189:10,A:A,A:A,A:A,T:T,C:C,G:G,G:G,G:G,A:A,G:G,A:A,G:G,C:C,A:A
ICC 14189:11,A:A,A:A,A:A,T:T,C:C,G:G,G:G,G:G,A:A,G:G,A:A,G:G,C:C,A:A
ICC 14189:12,A:A,A:A,A:A,T:T,C:C,G:G,G:G,G:G,A:A,G:G,A:A,G:G,C:C,A:A
ICC 14189:13,A:A,A:A,A:A,T:T,C:C,G:G,G:G,G:G,A:A,G:G,A:A,G:G,C:C,A:A
ICC 14189:14,A:A,A:A,A:A,T:T,C:C,G:G,G:G,G:G,A:A,G:G,A:A,G:G,C:C,A:A
ICC 14189:15,A:A,A:A,A:A,T:T,C:C,G:G,G:G,G:G,A:A,G:G,A:A,G:G,C:C,A:A
ICC 14189:16,A:A,A:A,A:A,T:T,C:C,G:G,G:G,G:G,A:A,G:G,A:A,G:G,C:C,A:A
ICC 14189:9,A:A,A:A,A:A,T:T,C:C,G:G,G:G,G:G,A:A,G:G,A:A,G:G,C:C,A:A
ICC 16346,A:A,A:A,A:A,C:C,C:C,G:G,G:G,G:G,G:G,G:G,G:G,G:G,C:C,C:C
ICC 16346:10,A:A,A:A,A:A,C:C,C:C,G:G,G:G,G:G,G:G,G:G,G:G,G:G,C:C,C:C
ICC 16346:11,A:A,A:A,A:A,C:C,C:C,G:G,G:G,G:G,G:G,G:G,G:G,G:G,C:C,C:C
ICC 16346:12,A:A,A:A,A:A,C:C,C:C,G:G,G:G,G:G,G:G,G:G,G:G,G:G,C:C,C:C
ICC 16346:13,A:A,A:A,A:A,C:C,C:C,G:G,G:G,G:G,G:G,G:G,G:G,G:G,C:C,C:C
ICC 16346:14,A:A,A:A,A:A,C:C,C:C,G:G,G:G,G:G,G:G,G:G,G:G,G:G,C:C,C:C
ICC 16346:15,A:A,A:A,A:A,C:C,C:C,G:G,G:G,G:G,G:G,G:G,G:G,G:G,C:C,C:C
ICC 16346:16,A:A,A:A,A:A,C:C,C:C,G:G,G:G,G:G,G:G,G:G,G:G,G:G,C:C,C:C
ICC 16346:9,A:A,A:A,A:A,C:C,C:C,G:G,G:G,G:G,G:G,G:G,G:G,G:G,C:C,C:C
ICC 17441:10,A:A,G:G,G:G,T:T,C:C,G:G,G:G,Uncallable,G:G,G:G,A:A,C:C,C:C,C:C
ICC 17441:11,A:A,G:G,G:G,T:T,C:C,G:G,G:G,A:A,G:G,G:G,A:A,C:C,C:C,C:C
ICC 17441:9,A:A,G:G,G:G,T:T,C:C,G:G,G:G,A:A,G:G,G:G,A:A,C:C,C:C,C:C
ICC 17455,A:A,A:A,A:A,C:C,T:T,G:G,G:G,G:G,G:G,G:G,A:A,G:G,C:C,C:C
ICC 17455:10,A:A,A:A,A:A,C:C,T:T,G:G,G:G,G:G,G:G,G:G,A:A,C:C,C:C,C:C
ICC 17455:11,A:A,A:A,A:A,C:C,T:T,G:G,G:G,G:G,G:G,G:G,A:A,G:G,C:C,C:C
ICC 17455:12,A:A,A:A,A:A,C:C,T:T,G:G,G:G,G:G,G:G,G:G,A:A,G:G,C:C,C:C
ICC 17455:13,A:A,A:A,A:A,C:C,T:T,G:G,G:G,G:G,G:G,G:G,A:A,G:G,C:C,C:C
ICC 17455:14,A:A,A:A,A:A,C:C,T:T,G:G,G:G,G:G,G:G,G:G,A:A,G:G,C:C,C:C
ICC 17455:15,A:A,A:A,A:A,C:C,T:T,G:G,G:G,G:G,G:G,G:G,A:A,G:G,C:C,C:C
ICC 17455:16,A:A,A:A,A:A,C:C,T:T,G:G,G:G,G:G,G:G,G:G,A:A,G:G,C:C,C:C
ICC 17455:17,A:A,A:A,A:A,C:C,T:T,G:G,G:G,G:G,G:G,G:G,A:A,G:G,C:C,C:C
ICC 20335:10,A:A,A:A,G:G,C:C,T:T,G:G,G:G,G:G,A:A,G:G,A:A,C:C,C:C,C:C
ICC 20335:11,A:A,A:A,G:G,C:C,T:T,G:G,G:G,G:G,A:A,G:G,A:A,G:G,C:C,C:C
ICC 20335:12,A:A,A:A,G:G,C:C,T:T,G:G,G:G,G:G,A:A,G:G,A:A,C:C,C:C,C:C
ICC 20335:13,A:A,A:A,G:G,C:C,T:T,G:G,G:G,G:G,A:A,G:G,A:A,G:G,C:C,C:C
ICC 20335:14,A:A,A:A,G:G,C:C,T:T,G:G,G:G,G:G,A:A,G:G,A:A,G:G,C:C,C:C
ICC 20335:15,A:A,A:A,G:G,C:C,T:T,G:G,G:G,G:G,A:A,G:G,A:A,C:C,C:C,C:C
ICC 20335:16,A:A,A:A,G:G,C:C,T:T,G:G,G:G,G:G,A:A,G:G,A:A,C:C,C:C,C:C
ICC 20335:9,A:A,A:A,G:G,C:C,T:T,G:G,G:G,G:G,A:A,G:G,A:A,C:C,C:C,C:C
ICC 8854,A:A,A:A,A:A,C:C,T:T,G:G,G:G,G:G,G:G,G:G,A:A,G:G,C:C,A:A
ICC 8854:10,A:A,A:A,A:A,C:C,T:T,G:G,G:G,G:G,G:G,G:G,A:A,G:G,C:C,A:A
ICC 8854:11,A:A,A:A,A:A,C:C,T:T,G:G,G:G,G:G,G:G,G:G,A:A,G:G,C:C,A:A
ICC 8854:12,A:A,A:A,A:A,C:C,T:T,G:G,G:G,A:A,G:G,G:G,A:A,G:G,C:C,A:A
ICC 8854:13,A:A,A:A,A:A,C:C,T:T,G:G,G:G,G:G,G:G,G:G,A:A,G:G,C:C,A:A
ICC 8854:14,A:A,A:A,A:A,C:C,T:T,G:G,G:G,G:G,G:G,G:G,A:A,G:G,C:C,A:A
ICC 8854:15,A:A,A:A,A:A,C:C,T:T,G:G,G:G,G:G,G:G,G:G,A:A,G:G,C:C,A:A
ICC 8854:16,A:A,A:A,A:A,C:C,T:T,G:G,G:G,G:G,G:G,G:G,A:A,G:G,C:C,A:A
ICC 8854:9,A:A,A:A,A:A,C:C,T:T,G:G,G:G,A:A,G:G,G:G,A:A,G:G,C:C,A:A
ICC 8898,A:A,A:A,A:A,C:C,T:T,G:G,G:G,G:G,G:G,G:G,A:A,G:G,C:C,A:A
ICC 8898:10,T:T,A:A,A:A,C:C,T:T,G:G,G:G,G:G,G:G,G:G,A:A,G:G,C:C,A:A
ICC 8898:11,A:A,A:A,A:A,C:C,T:T,G:G,G:G,G:G,G:G,G:G,A:A,G:G,C:C,A:A
ICC 8898:12,T:T,A:A,A:A,C:C,T:T,G:G,G:G,G:G,G:G,G:G,A:A,G:G,C:C,A:A
ICC 8898:13,A:A,A:A,A:A,C:C,T:T,G:G,G:G,G:G,G:G,G:G,A:A,G:G,C:C,A:A
ICC 8898:14,A:A,A:A,A:A,C:C,T:T,G:G,G:G,G:G,G:G,G:G,A:A,G:G,C:C,A:A
ICC 8898:15,A:A,A:A,A:A,C:C,T:T,G:G,G:G,G:G,G:G,G:G,A:A,G:G,C:C,A:A
ICC 8898:16,A:A,A:A,A:A,C:C,T:T,G:G,G:G,G:G,G:G,G:G,A:A,G:G,C:C,A:A
ICC 8898:9,A:A,A:A,A:A,C:C,T:T,G:G,G:G,G:G,G:G,G:G,A:A,G:G,C:C,A:A
ICC 8916,T:T,A:A,A:A,C:C,T:T,G:G,G:G,G:G,G:G,G:G,A:A,G:G,C:C,A:A
ICC 8916:10,T:T,A:A,A:A,C:C,T:T,G:G,G:G,G:G,G:G,G:G,A:A,G:G,C:C,A:A
ICC 8916:11,T:T,A:A,A:A,C:C,T:T,G:G,G:G,G:G,G:G,G:G,A:A,G:G,C:C,A:A
ICC 8916:12,T:T,A:A,A:A,C:C,T:T,G:G,G:G,G:G,G:G,G:G,A:A,G:G,C:C,A:A
ICC 8916:13,T:T,A:A,A:A,C:C,T:T,G:G,G:G,G:G,G:G,G:G,A:A,G:G,C:C,A:A
ICC 8916:14,T:T,A:A,A:A,C:C,T:T,G:G,G:G,G:G,G:G,G:G,A:A,G:G,C:C,A:A
ICC 8916:15,T:T,A:A,A:A,C:C,T:T,G:G,G:G,G:G,G:G,G:G,A:A,G:G,C:C,A:A
ICC 8916:16,A:A,A:A,A:A,C:C,T:T,G:G,G:G,G:G,G:G,G:G,A:A,G:G,C:C,A:A
ICC 8916:9,A:A,A:A,A:A,C:C,T:T,G:G,G:G,G:G,G:G,G:G,A:A,G:G,C:C,A:A
ICC 8926,A:A,A:A,A:A,T:T,C:C,G:G,G:G,G:G,G:G,G:G,N:N,C:C,C:C,A:A
ICC 8926:10,A:A,A:A,A:A,T:T,C:C,G:G,G:G,G:G,G:G,G:G,G:G,C:C,C:C,A:A
ICC 8926:11,A:A,A:A,A:A,T:T,C:C,G:G,G:G,G:G,G:G,G:G,G:G,C:C,C:C,A:A
ICC 8926:12,A:A,A:A,A:A,T:T,C:C,G:G,G:G,G:G,G:G,G:G,G:G,C:C,C:C,A:A
ICC 8926:13,A:A,A:A,A:A,T:T,C:C,G:G,G:G,G:G,G:G,G:G,A:A,C:C,C:C,A:A
ICC 8926:14,A:A,A:A,A:A,T:T,C:C,G:G,G:G,G:G,G:G,G:G,A:A,C:C,C:C,A:A
ICC 8926:15,A:A,A:A,A:A,T:T,C:C,G:G,G:G,G:G,G:G,G:G,G:G,C:C,C:C,A:A
ICC 8926:16,A:A,A:A,A:A,T:T,C:C,G:G,G:G,G:G,G:G,G:G,A:A,C:C,C:C,A:A
ICC 8926:9,A:A,A:A,A:A,T:T,C:C,G:G,G:G,G:G,G:G,G:G,G:G,C:C,C:C,A:A
ICCV 181301,A:A,G:G,G:G,C:C,T:T,A:A,A:A,G:G,G:G,G:G,G:G,G:G,C:C,C:C
ICCV 181301:10,A:A,G:G,G:G,C:C,T:T,A:A,A:A,G:G,G:G,G:G,A:A,G:G,C:C,C:C
ICCV 181301:11,A:A,G:G,G:G,C:C,C:C,A:A,A:A,G:G,G:G,G:G,G:G,G:G,C:C,C:C
ICCV 181301:12,A:A,A:A,G:G,C:C,T:T,A:A,A:A,G:G,G:G,G:G,G:G,G:G,C:C,C:C
ICCV 181301:13,A:A,A:A,G:G,C:C,T:T,A:A,A:A,G:G,G:G,G:G,G:G,G:G,C:C,C:C
ICCV 181301:14,A:A,G:G,G:G,C:C,C:C,A:A,A:A,G:G,G:G,G:G,G:G,G:G,C:C,C:C
ICCV 181301:15,A:A,G:G,G:G,C:C,T:T,G:G,A:A,A:A,G:G,G:G,A:A,G:G,C:C,C:C
ICCV 181301:16,A:A,G:G,G:G,C:C,T:T,A:A,A:A,G:G,G:G,G:G,G:G,G:G,C:C,C:C
ICCV 181301:9,A:A,G:G,G:G,C:C,T:T,A:A,A:A,G:G,G:G,G:G,G:G,G:G,C:C,C:C
ICCV 181306,A:A,G:G,G:G,C:C,T:T,G:G,A:A,A:A,A:A,G:G,G:G,G:G,C:C,C:C
ICCV 181306:10,A:A,G:G,G:G,C:C,T:T,G:G,A:A,A:A,A:A,G:G,G:G,G:G,C:C,C:C
ICCV 181306:11,A:A,G:G,G:G,C:C,T:T,G:G,A:A,A:A,A:A,G:G,G:G,G:G,C:C,C:C
ICCV 181306:12,A:A,G:G,G:G,C:C,T:T,G:G,A:A,A:A,A:A,G:G,G:G,G:G,C:C,C:C
ICCV 181306:13,A:A,G:G,G:G,C:C,T:T,G:G,A:A,A:A,A:A,G:G,G:G,G:G,C:C,C:C
ICCV 181306:9,A:A,G:G,G:G,C:C,T:T,G:G,A:A,A:A,A:A,G:G,G:G,G:G,C:C,C:C
ICCV 181309,A:A,G:G,G:G,T:T,C:C,A:A,A:A,A:A,A:A,G:G,G:G,G:G,C:C,C:C
ICCV 181309:10,A:A,G:G,G:G,T:T,C:C,A:A,A:A,A:A,A:A,G:G,G:G,G:G,C:C,C:C
ICCV 181309:11,A:A,G:G,G:G,T:T,C:C,A:A,A:A,?,A:A,G:G,G:G,G:G,C:C,C:C
ICCV 181309:12,A:A,G:G,G:G,T:T,C:C,A:A,A:A,A:A,A:A,G:G,G:G,G:G,C:C,C:C
ICCV 181309:13,A:A,G:G,G:G,T:T,C:C,A:A,A:A,A:A,A:A,G:G,G:G,G:G,C:C,C:C
ICCV 181309:14,A:A,G:G,G:G,T:T,C:C,A:A,A:A,A:A,A:A,G:G,G:G,G:G,C:C,C:C
ICCV 181309:15,A:A,G:G,G:G,T:T,C:C,A:A,A:A,A:A,A:A,G:G,G:G,G:G,C:C,C:C
ICCV 181309:16,A:A,G:G,G:G,T:T,C:C,A:A,A:A,A:A,A:A,G:G,G:G,G:G,C:C,C:C
ICCV 181309:9,A:A,G:G,G:G,T:T,C:C,A:A,A:A,A:A,A:A,G:G,G:G,G:G,C:C,C:C
ICCV 181310,A:A,N:N,G:G,C:C,T:T,A:A,A:A,G:G,A:A,G:G,G:G,G:G,C:C,C:C
ICCV 181310:10,A:A,A:A,G:G,C:C,T:T,A:A,A:A,G:G,A:A,G:G,G:G,G:G,C:C,C:C
ICCV 181310:11,A:A,G:G,G:G,C:C,T:T,A:A,A:A,G:G,A:A,G:G,G:G,G:G,C:C,C:C
ICCV 181310:12,A:A,G:G,G:G,C:C,T:T,A:A,A:A,G:G,A:A,G:G,G:G,G:G,C:C,C:C
ICCV 181310:13,A:A,G:G,G:G,C:C,T:T,A:A,A:A,G:G,A:A,G:G,G:G,G:G,C:C,C:C
ICCV 181310:14,A:A,A:A,G:G,C:C,T:T,A:A,A:A,G:G,A:A,G:G,G:G,G:G,C:C,C:C
ICCV 181310:15,A:A,A:A,G:G,C:C,T:T,A:A,A:A,G:G,A:A,G:G,G:G,G:G,C:C,C:C
ICCV 181310:16,A:A,A:A,G:G,C:C,T:T,A:A,A:A,G:G,A:A,G:G,G:G,G:G,Uncallable,C:C
ICCV 181310:9,A:A,A:A,G:G,C:C,T:T,A:A,A:A,G:G,A:A,G:G,G:G,G:G,C:C,C:C
ICCV 181311,A:A,A:A,G:G,C:C,C:C,G:G,A:A,A:A,A:A,G:G,A:A,G:G,C:C,C:C
ICCV 181311:10,A:A,A:A,G:G,C:C,C:C,G:G,A:A,A:A,A:A,G:G,A:A,G:G,C:C,C:C
ICCV 181311:11,A:A,A:A,G:G,C:C,C:C,G:G,A:A,G:G,A:A,G:G,A:A,G:G,C:C,C:C
ICCV 181311:12,A:A,A:A,G:G,C:C,C:C,G:G,A:A,A:A,A:A,G:G,A:A,G:G,C:C,C:C
ICCV 181311:13,A:A,A:A,G:G,C:C,C:C,G:G,A:A,A:A,A:A,G:G,A:A,G:G,C:C,C:C
ICCV 181311:14,A:A,A:A,G:G,C:C,C:C,G:G,A:A,A:A,A:A,G:G,A:A,G:G,C:C,C:C
ICCV 181311:15,A:A,A:A,G:G,C:C,C:C,G:G,A:A,G:G,A:A,G:G,A:A,G:G,C:C,C:C
ICCV 181311:16,A:A,A:A,G:G,C:C,C:C,G:G,A:A,A:A,A:A,G:G,A:A,G:G,C:C,C:C
ICCV 181311:9,A:A,A:A,G:G,C:C,C:C,G:G,A:A,A:A,A:A,G:G,A:A,G:G,C:C,C:C
ICCV 181312,A:A,A:A,G:G,C:C,C:C,G:G,A:A,G:G,N:N,G:G,A:A,G:G,C:C,C:C
ICCV 181312:10,A:A,?,G:G,C:C,C:C,G:G,A:A,G:G,G:G,G:G,A:A,G:G,C:C,C:C
ICCV 181312:11,A:A,A:A,G:G,C:C,C:C,G:G,A:A,G:G,A:A,G:G,A:A,G:G,C:C,C:C
ICCV 181312:12,A:A,A:A,G:G,C:C,C:C,G:G,A:A,G:G,G:G,G:G,A:A,G:G,C:C,C:C
ICCV 181312:13,A:A,A:A,G:G,C:C,C:C,G:G,A:A,G:G,G:G,G:G,A:A,G:G,C:C,C:C
ICCV 181312:14,A:A,A:A,G:G,C:C,C:C,G:G,A:A,G:G,G:G,G:G,A:A,G:G,C:C,C:C
ICCV 181312:15,A:A,A:A,G:G,C:C,C:C,G:G,A:A,G:G,A:A,G:G,A:A,G:G,C:C,C:C
ICCV 181312:16,A:A,A:A,G:G,C:C,C:C,G:G,A:A,G:G,A:A,G:G,A:A,G:G,C:C,C:C
ICCV 181312:9,A:A,A:A,G:G,C:C,C:C,G:G,A:A,G:G,G:G,G:G,A:A,G:G,C:C,C:C
ICCV 181316,A:A,G:G,G:G,C:C,T:T,A:A,A:A,G:G,G:G,G:G,G:G,G:G,C:C,C:C
ICCV 181316:10,A:A,G:G,G:G,C:C,T:T,A:A,A:A,G:G,G:G,G:G,G:G,G:G,C:C,C:C
ICCV 181316:11,A:A,G:G,G:G,C:C,T:T,A:A,A:A,G:G,G:G,G:G,G:G,G:G,C:C,C:C
ICCV 181316:12,A:A,G:G,G:G,C:C,T:T,A:A,A:A,G:G,G:G,G:G,G:G,G:G,C:C,C:C
ICCV 181316:13,A:A,G:G,G:G,C:C,T:T,A:A,A:A,G:G,G:G,G:G,G:G,G:G,C:C,C:C
ICCV 181316:14,A:A,G:G,G:G,C:C,T:T,A:A,A:A,G:G,G:G,G:G,G:G,G:G,C:C,C:C
ICCV 181316:15,A:A,G:G,G:G,C:C,T:T,A:A,A:A,G:G,G:G,G:G,G:G,G:G,C:C,C:C
ICCV 181316:16,A:A,G:G,G:G,C:C,T:T,A:A,A:A,G:G,G:G,G:G,G:G,G:G,C:C,C:C
ICCV 181316:9,A:A,G:G,G:G,C:C,T:T,A:A,A:A,G:G,G:G,G:G,G:G,G:G,C:C,C:C
ICCV 181317,A:A,G:G,G:G,T:T,N:N,G:G,A:A,A:A,A:A,G:G,G:G,C:C,T:T,A:A
ICCV 181317:10,A:A,G:G,G:G,T:T,T:C,G:G,A:A,A:A,A:A,G:G,G:G,C:C,T:T,A:A
ICCV 181317:11,A:A,G:G,G:G,T:T,C:C,G:G,A:A,A:A,A:A,G:G,G:G,C:C,T:T,A:A
ICCV 181317:12,A:A,G:G,G:G,T:T,C:C,G:G,A:A,A:A,A:A,G:G,G:G,C:C,T:T,A:A
ICCV 181317:13,A:A,G:G,G:G,T:T,?,G:G,A:A,A:A,A:A,G:G,G:G,C:C,T:T,A:A
ICCV 181317:14,A:A,G:G,G:G,T:T,C:C,G:G,A:A,A:A,A:A,G:G,G:G,C:C,T:T,A:A
ICCV 181317:15,A:A,G:G,G:G,T:T,?,G:G,A:A,A:A,A:A,?,G:G,C:C,T:T,A:A
ICCV 181317:16,A:A,G:G,G:G,T:T,C:C,G:G,A:A,A:A,A:A,G:G,G:G,C:C,T:T,A:A
ICCV 181317:9,A:A,G:G,G:G,T:T,T:T,G:G,A:A,A:A,A:A,G:G,G:G,C:C,T:T,A:A
ICCV 181318,A:A,G:G,G:G,C:C,T:T,A:A,A:A,G:G,G:G,G:G,G:G,G:G,C:C,C:C
ICCV 181318:10,A:A,G:G,G:G,C:C,T:T,A:A,A:A,G:G,G:G,G:G,G:G,G:G,C:C,C:C
ICCV 181318:11,A:A,G:G,G:G,C:C,T:T,A:A,A:A,G:G,G:G,G:G,G:G,G:G,C:C,C:C
ICCV 181318:12,A:A,G:G,G:G,C:C,T:T,A:A,A:A,G:G,G:G,G:G,G:G,G:G,C:C,C:C
ICCV 181318:13,A:A,G:G,G:G,C:C,T:T,A:A,A:A,G:G,G:G,G:G,G:G,G:G,C:C,C:C
ICCV 181318:14,A:A,G:G,G:G,C:C,T:T,A:A,A:A,G:G,G:G,G:G,G:G,G:G,C:C,C:C
ICCV 181318:15,A:A,G:G,G:G,C:C,T:T,A:A,A:A,G:G,G:G,G:G,G:G,G:G,C:C,C:C
ICCV 181318:16,A:A,G:G,G:G,C:C,T:T,A:A,A:A,G:G,G:G,G:G,G:G,G:G,C:C,C:C
ICCV 181318:9,A:A,G:G,G:G,C:C,T:T,A:A,A:A,G:G,G:G,G:G,G:G,G:G,C:C,C:C
ICCV 181602,T:T,G:G,G:G,T:T,N:N,G:G,A:A,G:G,G:G,A:A,G:G,C:C,C:C,C:C
ICCV 181602:17,T:T,G:G,G:G,T:T,T:T,G:G,A:A,G:G,G:G,Uncallable,G:G,C:C,C:C,C:C
ICCV 181602:18,T:T,G:G,G:G,T:T,T:T,G:G,A:A,G:G,G:G,A:A,G:G,C:C,C:C,C:C
ICCV 181602:19,T:T,G:G,G:G,T:T,T:T,G:G,A:A,G:G,G:G,A:A,G:G,C:C,C:C,C:C
ICCV 181602:20,T:T,G:G,G:G,T:T,C:C,G:G,A:A,G:G,G:G,A:A,G:G,C:C,C:C,C:C
ICCV 181602:21,T:T,G:G,G:G,T:T,T:T,G:G,A:A,G:G,G:G,A:A,G:G,C:C,C:C,C:C
ICCV 181602:22,T:T,G:G,G:G,T:T,C:C,G:G,A:A,G:G,G:G,A:A,G:G,C:C,C:C,C:C
ICCV 181602:23,T:T,G:G,G:G,T:T,T:T,G:G,A:A,G:G,G:G,A:A,G:G,C:C,C:C,C:C
ICCV 181602:24,T:T,G:G,G:G,T:T,C:C,G:G,A:A,G:G,G:G,A:A,G:G,C:C,C:C,C:C
ICCV 181602:25,T:T,G:G,G:G,T:T,T:T,G:G,A:A,G:G,G:G,A:A,G:G,C:C,C:C,C:C
ICCV 181602:26,T:T,G:G,G:G,T:T,T:T,G:G,A:A,G:G,G:G,A:A,G:G,C:C,C:C,C:C
ICCV 181602:27,T:T,G:G,G:G,T:T,Uncallable,G:G,A:A,G:G,G:G,A:A,G:G,C:C,C:C,C:C
ICCV 181602:28,T:T,G:G,G:G,T:T,C:C,G:G,A:A,G:G,G:G,A:A,G:G,C:C,C:C,C:C
ICCV 181602:29,T:T,G:G,G:G,T:T,T:T,G:G,A:A,G:G,G:G,A:A,G:G,C:C,C:C,C:C
ICCV 181602:30,T:T,G:G,G:G,T:T,T:T,G:G,A:A,G:G,G:G,A:A,G:G,C:C,C:C,C:C
ICCV 181602:31,T:T,G:G,G:G,T:T,T:T,G:G,A:A,G:G,G:G,A:A,G:G,C:C,C:C,C:C
ICCV 181602:32,T:T,G:G,G:G,T:T,T:T,G:G,A:A,G:G,G:G,A:A,G:G,C:C,C:C,C:C
ICCV 181605,T:T,G:G,G:G,C:C,T:T,A:A,A:A,A:A,A:A,A:A,A:A,G:G,C:C,A:A
ICCV 181605:17,T:T,G:G,G:G,C:C,T:T,A:A,A:A,A:A,A:A,A:A,A:A,G:G,C:C,A:A
ICCV 181605:18,T:T,G:G,G:G,C:C,T:T,A:A,A:A,A:A,A:A,A:A,A:A,G:G,C:C,A:A
ICCV 181605:19,T:T,G:G,G:G,C:C,T:T,A:A,A:A,A:A,A:A,A:A,A:A,G:G,C:C,A:A
ICCV 181605:20,T:T,G:G,G:G,C:C,T:T,A:A,A:A,A:A,A:A,A:A,A:A,G:G,C:C,A:A
ICCV 181605:21,T:T,G:G,G:G,C:C,T:T,A:A,A:A,A:A,A:A,G:G,A:A,G:G,C:C,A:A
ICCV 181605:22,T:T,G:G,G:G,C:C,T:T,A:A,A:A,A:A,A:A,A:A,A:A,G:G,C:C,A:A
ICCV 181605:23,T:T,G:G,G:G,C:C,T:T,A:A,A:A,A:A,A:A,G:G,A:A,G:G,C:C,A:A
ICCV 181605:24,?,G:G,G:G,C:C,T:T,A:A,A:A,A:A,A:A,A:A,A:A,G:G,C:C,A:A
ICCV 181605:25,T:T,G:G,G:G,C:C,T:T,A:A,A:A,A:A,A:A,A:A,A:A,G:G,C:C,A:A
ICCV 181605:26,T:T,G:G,?,C:C,T:T,A:A,A:A,A:A,A:A,G:G,A:A,G:G,C:C,A:A
ICCV 181605:27,T:T,G:G,G:G,C:C,T:T,A:A,A:A,A:A,A:A,A:A,A:A,G:G,C:C,A:A
ICCV 181605:28,T:T,G:G,G:G,C:C,T:T,A:A,A:A,A:A,A:A,A:A,A:A,G:G,C:C,A:A
ICCV 181605:29,T:T,G:G,G:G,C:C,T:T,A:A,A:A,A:A,A:A,A:A,A:A,G:G,C:C,A:A
ICCV 181605:30,T:T,G:G,G:G,C:C,T:T,A:A,A:A,A:A,A:A,A:A,A:A,G:G,C:C,A:A
ICCV 181605:31,T:T,G:G,G:G,C:C,T:T,A:A,A:A,A:A,A:A,G:G,A:A,G:G,C:C,A:A
ICCV 181605:32,T:T,G:G,G:G,C:C,T:T,A:A,A:A,A:A,A:A,A:A,A:A,G:G,C:C,A:A
ICCV 181608,T:T,G:G,G:G,T:T,T:T,A:A,A:A,A:A,G:G,A:A,G:G,G:G,T:T,C:C
ICCV 181608:10,T:T,G:G,G:G,T:T,T:T,A:A,A:A,A:A,G:G,A:A,G:G,G:G,T:T,C:C
ICCV 181608:11,T:T,G:G,G:G,T:T,T:T,A:A,A:A,A:A,G:G,A:A,G:G,G:G,T:T,C:C
ICCV 181608:12,T:T,G:G,G:G,T:T,T:T,A:A,A:A,A:A,G:G,A:A,G:G,G:G,T:T,C:C
ICCV 181608:13,T:T,G:G,G:G,T:T,T:T,A:A,A:A,A:A,G:G,A:A,G:G,G:G,T:T,C:C
ICCV 181608:14,T:T,G:G,G:G,T:T,T:T,A:A,A:A,A:A,G:G,A:A,G:G,G:G,T:T,C:C
ICCV 181608:15,T:T,G:G,G:G,T:T,T:T,A:A,A:A,A:A,G:G,A:A,G:G,G:G,T:T,C:C
ICCV 181608:16,T:T,G:G,G:G,T:T,T:T,A:A,A:A,A:A,G:G,A:A,G:G,G:G,T:T,C:C
ICCV 181608:9,T:T,G:G,G:G,T:T,T:T,A:A,A:A,A:A,G:G,A:A,G:G,G:G,T:T,C:C
ICCV 181609,T:T,G:G,G:G,C:C,T:T,A:A,A:A,A:A,G:G,G:G,G:G,G:G,C:C,C:C
ICCV 181609:10,T:T,G:G,G:G,C:C,T:T,A:A,A:A,A:A,G:G,G:G,G:G,G:G,C:C,C:C
ICCV 181609:11,T:T,G:G,G:G,C:C,T:T,A:A,A:A,A:A,G:G,G:G,G:G,G:G,C:C,C:C
ICCV 181609:12,T:T,G:G,G:G,C:C,T:T,A:A,A:A,A:A,G:G,G:G,G:G,G:G,C:C,C:C
ICCV 181609:13,T:T,G:G,G:G,C:C,T:T,Uncallable,A:A,A:A,G:G,G:G,G:G,G:G,C:C,C:C
ICCV 181609:14,T:T,G:G,G:G,C:C,T:T,A:A,A:A,A:A,G:G,G:G,G:G,G:G,C:C,C:C
ICCV 181609:15,T:T,G:G,G:G,C:C,T:T,A:A,A:A,A:A,G:G,G:G,G:G,G:G,C:C,C:C
ICCV 181609:16,T:T,G:G,G:G,C:C,T:T,A:A,A:A,A:A,G:G,G:G,G:G,G:G,C:C,C:C
ICCV 181609:9,T:T,G:G,G:G,C:C,T:T,A:A,A:A,A:A,G:G,G:G,G:G,G:G,C:C,C:C
ICCV 181610,T:T,G:G,G:G,C:C,C:C,A:A,A:A,A:A,G:G,G:G,A:A,G:G,C:C,C:C
ICCV 181610:10,T:T,G:G,G:G,C:C,C:C,A:A,A:A,A:A,G:G,G:G,A:A,G:G,C:C,C:C
ICCV 181610:11,T:T,G:G,G:G,C:C,C:C,A:A,A:A,A:A,G:G,G:G,A:A,G:G,C:C,C:C
ICCV 181610:12,T:T,G:G,G:G,C:C,C:C,A:A,A:A,A:A,G:G,G:G,A:A,G:G,C:C,C:C
ICCV 181610:13,T:T,G:G,G:G,C:C,C:C,A:A,A:A,A:A,G:G,G:G,A:A,G:G,C:C,C:C
ICCV 181610:14,T:T,G:G,G:G,C:C,C:C,A:A,A:A,A:A,G:G,G:G,A:A,G:G,C:C,C:C
ICCV 181610:15,T:T,G:G,G:G,C:C,C:C,A:A,A:A,A:A,G:G,G:G,A:A,G:G,C:C,C:C
ICCV 181610:16,T:T,G:G,G:G,C:C,C:C,A:A,A:A,A:A,G:G,G:G,A:A,G:G,C:C,C:C
ICCV 181610:9,T:T,G:G,G:G,C:C,C:C,A:A,A:A,A:A,G:G,G:G,A:A,G:G,C:C,C:C
ICCV 181613,T:T,G:G,A:A,T:T,T:T,G:G,A:A,G:G,G:G,G:G,G:G,C:C,C:C,A:A
ICCV 181613:10,T:T,G:G,A:A,T:T,T:T,G:G,A:A,G:G,G:G,G:G,G:G,C:C,C:C,A:A
ICCV 181613:11,T:T,G:G,A:A,T:T,T:T,G:G,A:A,G:G,G:G,G:G,G:G,C:C,C:C,A:A
ICCV 181613:12,T:T,G:G,A:A,T:T,T:T,G:G,A:A,G:G,G:G,G:G,G:G,C:C,C:C,A:A
ICCV 181613:13,T:T,G:G,A:A,T:T,T:T,G:G,A:A,G:G,G:G,G:G,G:G,C:C,C:C,A:A
ICCV 181613:14,T:T,G:G,A:A,T:T,T:T,G:G,A:A,G:G,G:G,G:G,G:G,C:C,C:C,A:A
ICCV 181613:15,T:T,G:G,A:A,T:T,T:T,G:G,A:A,G:G,G:G,G:G,G:G,C:C,C:C,A:A
ICCV 181613:16,T:T,G:G,A:A,T:T,T:T,G:G,A:A,G:G,G:G,G:G,G:G,C:C,C:C,A:A
ICCV 181613:9,T:T,G:G,A:A,T:T,T:T,G:G,A:A,G:G,G:G,G:G,G:G,C:C,C:C,A:A
ICCV 181664,T:T,G:G,G:G,N:N,T:T,G:G,A:A,A:A,G:G,A:A,A:A,G:G,C:C,C:C
ICCV 181664:10,T:T,G:G,G:G,C:C,T:T,G:G,A:A,A:A,G:G,A:A,A:A,G:G,C:C,C:C
ICCV 181664:11,T:T,G:G,G:G,T:T,T:T,G:G,A:A,A:A,G:G,A:A,A:A,G:G,C:C,C:C
ICCV 181664:12,T:T,G:G,G:G,C:C,T:T,G:G,A:A,A:A,G:G,A:A,A:A,G:G,C:C,C:C
ICCV 181664:13,T:T,G:G,G:G,C:C,T:T,G:G,A:A,A:A,G:G,A:A,A:A,G:G,C:C,C:C
ICCV 181664:14,T:T,G:G,G:G,T:T,T:T,G:G,A:A,A:A,G:G,A:A,A:A,G:G,C:C,C:C
ICCV 181664:15,T:T,G:G,G:G,C:C,T:T,G:G,A:A,A:A,G:G,A:A,A:A,G:G,C:C,C:C
ICCV 181664:16,T:T,G:G,G:G,T:T,T:T,A:A,A:A,A:A,G:G,A:A,A:A,G:G,C:C,C:C
ICCV 181664:9,T:T,G:G,G:G,T:T,T:T,G:G,A:A,A:A,G:G,A:A,A:A,G:G,C:C,C:C
ICCV 191123,T:T,A:A,G:G,T:T,C:C,A:A,A:A,A:A,A:A,A:A,G:G,C:C,C:C,A:A
ICCV 191123:10,T:T,A:A,G:G,T:T,C:C,A:A,A:A,A:A,A:A,A:A,G:G,C:C,C:C,A:A
ICCV 191123:11,T:T,A:A,G:G,T:T,?,A:A,A:A,A:A,A:A,A:A,G:G,C:C,C:C,A:A
ICCV 191123:12,T:T,A:A,G:G,T:T,C:C,A:A,A:A,A:A,A:A,A:A,G:G,C:C,C:C,A:A
ICCV 191123:13,T:T,A:A,G:G,T:T,C:C,A:A,A:A,A:A,A:A,A:A,G:G,C:C,C:C,A:A
ICCV 191123:14,T:T,A:A,G:G,T:T,C:C,A:A,A:A,A:A,A:A,A:A,G:G,C:C,C:C,A:A
ICCV 191123:15,T:T,A:A,G:G,T:T,C:C,A:A,A:A,A:A,A:A,A:A,G:G,C:C,C:C,A:A
ICCV 191123:16,T:T,A:A,G:G,T:T,C:C,A:A,A:A,A:A,A:A,A:A,G:G,C:C,C:C,A:A
ICCV 191123:9,T:T,A:A,G:G,T:T,C:C,A:A,A:A,A:A,A:A,A:A,G:G,C:C,C:C,A:A
ICCV 191127,T:T,A:A,G:G,T:T,C:C,A:A,A:A,A:A,G:G,A:A,G:G,C:C,C:C,A:A
ICCV 191127:13,T:T,A:A,G:G,T:T,C:C,A:A,A:A,A:A,G:G,A:A,G:G,C:C,C:C,A:A
ICCV 191127:14,T:T,A:A,G:G,T:T,C:C,A:A,A:A,A:A,G:G,A:A,G:G,C:C,C:C,A:A
ICCV 191127:15,T:T,A:A,G:G,T:T,C:C,A:A,A:A,A:A,G:G,A:A,G:G,C:C,C:C,A:A
ICCV 191127:16,T:T,A:A,?,T:T,C:C,A:A,A:A,A:A,G:G,A:A,G:G,C:C,C:C,A:A
ICCV 191127:17,T:T,A:A,G:G,T:T,C:C,A:A,A:A,A:A,G:G,A:A,G:G,C:C,C:C,A:A
ICCV 191127:18,T:T,A:A,G:G,T:T,C:C,A:A,A:A,A:A,G:G,A:A,G:G,C:C,C:C,A:A
ICCV 191127:19,T:T,A:A,G:G,T:T,C:C,A:A,A:A,A:A,G:G,A:A,G:G,C:C,C:C,A:A
ICCV 191127:20,T:T,A:A,G:G,T:T,C:C,A:A,A:A,A:A,G:G,A:A,G:G,C:C,C:C,A:A
ICCV 92311,A:A,G:G,G:G,T:T,C:C,G:G,A:A,A:A,A:A,G:G,G:G,G:G,C:C,C:C
ICCV 92311:18,A:A,G:G,G:G,T:T,C:C,G:G,A:A,A:A,A:A,G:G,G:G,G:G,C:C,C:C
ICCV 92311:19,A:A,A:A,G:G,T:T,C:C,G:G,A:A,A:A,A:A,G:G,G:G,G:G,C:C,C:C
ICCV 92311:20,A:A,G:G,G:G,T:T,C:C,G:G,A:A,A:A,A:A,G:G,G:G,G:G,T:T,A:A
ICCV 92311:21,A:A,A:A,G:G,C:C,C:C,A:A,A:A,G:G,A:A,G:G,A:A,G:G,C:C,C:C
ICCV 92311:22,A:A,G:G,G:G,T:T,C:C,G:G,A:A,A:A,A:A,G:G,G:G,G:G,C:C,C:C
ICCV 92311:23,A:A,G:G,G:G,T:T,C:C,G:G,A:A,A:A,A:A,G:G,G:G,G:G,C:C,C:C
ICCV 92311:24,A:A,G:G,G:G,T:T,C:C,G:G,A:A,A:A,A:A,G:G,G:G,G:G,C:C,C:C
ICCV 92311:25,A:A,G:G,G:G,T:T,C:C,G:G,A:A,A:A,A:A,G:G,G:G,G:G,C:C,C:C
ICCV 93954:10,T:T,A:A,G:G,T:T,C:C,A:A,A:A,A:A,A:A,A:A,G:G,C:C,C:C,A:A
ICCV 93954:11,T:T,A:A,G:G,T:T,C:C,A:A,A:A,A:A,G:G,A:A,G:G,C:C,C:C,A:A
ICCV 93954:12,T:T,A:A,G:G,T:T,C:C,A:A,A:A,A:A,G:G,A:A,G:G,C:C,C:C,A:A
ICCV 93954:13,T:T,A:A,G:G,T:T,C:C,A:A,A:A,?,A:A,A:A,?,C:C,C:C,A:A
ICCV 93954:14,T:T,A:A,G:G,T:T,C:C,A:A,A:A,A:A,A:A,A:A,G:G,C:C,C:C,A:A
ICCV 93954:15,T:T,A:A,G:G,T:T,C:C,A:A,A:A,A:A,G:G,A:A,G:G,C:C,C:C,A:A
ICCV 93954:16,T:T,A:A,G:G,T:T,C:C,A:A,A:A,A:A,G:G,A:A,G:G,C:C,C:C,A:A
ICCV 93954:17,T:T,A:A,G:G,T:T,C:C,A:A,A:A,A:A,A:A,A:A,G:G,C:C,C:C,A:A
ICCV 95311:22,A:A,G:G,G:G,T:T,C:C,G:G,A:A,A:A,A:A,G:G,G:G,G:G,C:C,C:C
ICCV 95311:23,A:A,G:G,G:G,T:T,C:C,G:G,A:A,A:A,A:A,G:G,G:G,G:G,C:C,C:C
ICCV 95311:24,A:A,G:G,G:G,T:T,C:C,G:G,A:A,A:A,A:A,G:G,G:G,G:G,C:C,C:C
ICCV 95311:25,A:A,A:A,G:G,T:T,C:C,G:G,A:A,A:A,A:A,G:G,G:G,G:G,C:C,C:C
ICCV 95311:26,A:A,A:A,G:G,T:T,C:C,G:G,A:A,A:A,A:A,G:G,G:G,G:G,C:C,C:C
ICCV 95311:27,A:A,G:G,G:G,T:T,C:C,G:G,A:A,A:A,A:A,G:G,G:G,G:G,C:C,C:C
ICCV 95311:28,A:A,G:G,G:G,T:T,C:C,G:G,A:A,A:A,A:A,G:G,G:G,G:G,C:C,C:C
ICCV 95311:29,A:A,G:G,G:G,T:T,C:C,G:G,A:A,A:A,A:A,G:G,G:G,G:G,C:C,C:C
ICCV 95334,A:A,G:G,G:G,T:T,C:C,G:G,G:G,A:A,A:A,G:G,G:G,G:G,C:C,C:C
ICCV 95334:11,A:A,G:G,G:G,T:T,C:C,G:G,G:G,A:A,A:A,G:G,G:G,G:G,C:C,C:C
ICCV 95334:12,A:A,G:G,G:G,T:T,C:C,G:G,G:G,A:A,A:A,G:G,G:G,G:G,C:C,C:C
ICCV 95334:13,A:A,G:G,G:G,T:T,C:C,G:G,G:G,A:A,A:A,G:G,G:G,G:G,C:C,C:C
ICCV 95334:14,A:A,G:G,G:G,T:T,C:C,G:G,G:G,A:A,A:A,G:G,G:G,G:G,C:C,C:C
ICCV 95334:15,A:A,G:G,G:G,T:T,C:C,G:G,G:G,A:A,A:A,G:G,G:G,G:G,C:C,C:C
ICCV 95334:16,A:A,G:G,G:G,T:T,C:C,G:G,G:G,A:A,A:A,G:G,G:G,G:G,C:C,C:C
ICCV 95334:17,A:A,G:G,G:G,T:T,C:C,G:G,G:G,A:A,A:A,G:G,G:G,G:G,C:C,C:C
ICCV 95334:18,A:A,G:G,G:G,T:T,C:C,G:G,G:G,A:A,A:A,G:G,G:G,G:G,C:C,C:C
ICCV 96030,T:T,G:G,G:G,C:C,C:C,G:G,A:A,A:A,A:A,A:A,A:A,C:C,T:T,C:C
ICCV 96030:22,T:T,G:G,G:G,C:C,C:C,G:G,A:A,A:A,A:A,A:A,A:A,C:C,T:T,C:C
ICCV 96030:23,T:T,G:G,G:G,C:C,C:C,G:G,A:A,A:A,A:A,A:A,A:A,C:C,T:T,C:C
ICCV 96030:24,T:T,G:G,G:G,C:C,C:C,G:G,A:A,A:A,A:A,A:A,A:A,C:C,T:T,C:C
ICCV 96030:25,T:T,G:G,G:G,C:C,C:C,G:G,A:A,A:A,A:A,A:A,A:A,C:C,T:T,C:C
ICCV 96030:26,T:T,G:G,G:G,C:C,C:C,G:G,A:A,A:A,A:A,A:A,A:A,C:C,T:T,C:C
ICCV 96030:27,T:T,G:G,G:G,C:C,C:C,G:G,A:A,A:A,A:A,A:A,A:A,C:C,T:T,C:C
ICCV 96030:28,T:T,G:G,G:G,C:C,C:C,G:G,A:A,A:A,A:A,A:A,A:A,C:C,T:T,C:C
ICCV 96030:29,T:T,G:G,G:G,C:C,C:C,G:G,A:A,A:A,A:A,A:A,A:A,C:C,T:T,C:C
Jumbo,A:A,A:A,G:G,C:C,T:T,G:G,G:G,G:G,A:A,G:G,A:A,G:G,C:C,C:C
Jumbo:10,A:A,A:A,G:G,C:C,T:T,G:G,G:G,G:G,A:A,G:G,A:A,G:G,C:C,C:C
Jumbo:11,A:A,A:A,G:G,C:C,T:T,G:G,G:G,G:G,A:A,G:G,A:A,G:G,C:C,C:C
Jumbo:12,A:A,A:A,G:G,C:C,T:T,G:G,G:G,G:G,A:A,G:G,A:A,G:G,C:C,C:C
Jumbo:13,A:A,A:A,G:G,C:C,T:T,G:G,G:G,G:G,A:A,G:G,A:A,G:G,C:C,C:C
Jumbo:14,A:A,A:A,G:G,C:C,T:T,G:G,G:G,G:G,A:A,G:G,A:A,G:G,C:C,C:C
Jumbo:15,A:A,A:A,G:G,C:C,T:T,G:G,G:G,G:G,A:A,G:G,A:A,C:C,C:C,C:C
Jumbo:16,A:A,A:A,G:G,C:C,T:T,G:G,G:G,G:G,A:A,G:G,A:A,G:G,C:C,C:C
Jumbo:9,A:A,A:A,G:G,C:C,T:T,G:G,G:G,G:G,A:A,G:G,A:A,C:C,C:C,C:C
KRIPA,A:A,A:A,G:G,C:C,T:T,G:G,G:G,G:G,A:A,G:G,A:A,N:N,C:C,C:C
KRIPA:10,A:A,A:A,G:G,C:C,T:T,G:G,G:G,G:G,A:A,G:G,A:A,G:G,C:C,C:C
KRIPA:11,A:A,A:A,G:G,C:C,T:T,G:G,G:G,G:G,A:A,G:G,A:A,C:C,C:C,C:C
KRIPA:12,A:A,A:A,G:G,C:C,T:T,G:G,G:G,G:G,A:A,G:G,A:A,C:C,C:C,C:C
KRIPA:13,A:A,A:A,G:G,C:C,T:T,G:G,G:G,G:G,A:A,G:G,A:A,G:G,C:C,C:C
KRIPA:14,A:A,A:A,G:G,C:C,T:T,G:G,G:G,G:G,A:A,G:G,A:A,G:G,C:C,C:C
KRIPA:15,A:A,A:A,G:G,C:C,T:T,G:G,G:G,G:G,A:A,G:G,A:A,C:C,C:C,C:C
KRIPA:16,A:A,A:A,G:G,C:C,T:T,G:G,G:G,G:G,A:A,G:G,A:A,C:C,C:C,C:C
KRIPA:9,A:A,A:A,G:G,C:C,T:T,G:G,G:G,?,A:A,G:G,A:A,C:C,C:C,C:C
NBeG 119,A:A,N:N,G:G,N:N,C:C,G:G,A:A,A:A,N:N,G:G,G:G,G:G,C:C,C:C
NBeG 119:18,A:A,G:G,G:G,T:T,Uncallable,G:G,A:A,A:A,A:A,G:G,G:G,G:G,C:C,C:C
NBeG 119:19,A:A,G:G,G:G,T:T,C:C,G:G,A:A,A:A,A:A,G:G,G:G,G:G,C:C,C:C
NBeG 119:20,A:A,A:A,G:G,C:C,C:C,G:G,A:A,A:A,G:G,G:G,G:G,G:G,C:C,C:C
NBeG 119:21,A:A,A:A,G:G,C:C,C:C,G:G,A:A,A:A,G:G,G:G,G:G,G:G,C:C,C:C
NBeG 119:22,A:A,G:G,G:G,T:T,C:C,G:G,A:A,A:A,A:A,G:G,G:G,G:G,C:C,C:C
NBeG 119:23,A:A,A:A,G:G,C:C,T:T,G:G,A:A,A:A,G:G,G:G,G:G,G:G,C:C,C:C
NBeG 119:24,A:A,G:G,G:G,T:T,C:C,G:G,A:A,A:A,A:A,G:G,G:G,G:G,C:C,C:C
NBeG 119:25,A:A,A:A,G:G,C:C,C:C,G:G,A:A,A:A,G:G,G:G,G:G,G:G,C:C,C:C
NBeG 3:11,A:A,A:A,G:G,T:T,C:C,G:G,A:A,A:A,A:A,A:A,G:G,C:C,C:C,A:A
NBeG 3:12,A:A,A:A,G:G,T:T,C:C,G:G,A:A,A:A,A:A,A:A,G:G,C:C,C:C,A:A
NBeG 3:13,T:T,G:G,G:G,T:T,T:T,G:G,A:A,G:G,G:G,A:A,G:G,G:G,T:T,C:C
NBeG 3:14,T:T,A:A,G:G,T:T,C:C,A:A,A:A,A:A,G:G,A:A,G:G,C:C,C:C,A:A
NBeG 3:15,A:A,A:A,G:G,T:T,C:C,G:G,A:A,A:A,A:A,A:A,G:G,C:C,C:C,A:A
NBeG 3:16,A:A,A:A,G:G,T:T,C:C,G:G,A:A,A:A,A:A,A:A,G:G,C:C,C:C,A:A
NBeG 3:17,A:A,A:A,G:G,T:T,C:C,G:G,A:A,A:A,A:A,A:A,G:G,C:C,C:C,A:A
NBeG 3:18,A:A,A:A,G:G,T:T,C:C,G:G,A:A,A:A,A:A,A:A,G:G,C:C,C:C,A:A
