DNA \ Assay,snpPG00048,snpPG00051,snpPG00055,snpPG00076,snpPG00078,snpPG00084,snpPG00087,snpPG00092,snpPG00100,snpPG00101,snpPG00107,snpPG00110,snpPG00111,snpPG00112,snpPG00117,snpPG00118,snpPG00119,snpPG00121,snpPG00122,snpPG00126,snpPG00127,snpPG00129,snpPG00133,snpPG00134,snpPG00135,snpPG00136,snpPG00137,snpPG00140,snpPG00142,snpPG00143
ICMB 04222:1,G:G,T:T,G:G,T:T,G:G,C:C,C:C,T:T,G:G,C:C,T:T,A:A,G:G,G:G,T:T,G:G,A:A,A:A,A:A,C:C,T:T,A:A,T:T,C:C,G:G,A:A,C:C,C:C,C:C,A:A
ICMB 04222:2,G:G,T:T,G:G,T:T,G:G,C:C,C:C,T:T,G:G,C:C,T:T,A:A,G:G,G:G,T:T,G:G,A:A,A:A,A:A,C:C,T:T,A:A,T:T,C:C,G:G,A:A,C:C,C:C,C:C,A:A
ICMB 04222:3,G:G,T:T,G:G,T:T,G:G,C:C,C:C,T:T,G:G,C:C,T:T,A:A,G:G,G:G,T:T,G:G,A:A,A:A,A:A,C:C,T:T,A:A,T:T,C:C,G:G,A:A,C:C,C:C,C:C,A:A
ICMB 04222:4,G:G,T:T,G:G,T:T,G:G,C:C,C:C,T:T,G:G,C:C,T:T,A:A,G:G,G:G,T:T,G:G,A:A,A:A,A:A,C:C,T:T,A:A,T:T,C:C,G:G,A:A,C:C,C:C,C:C,A:A
ICMB 04222:5,G:G,T:T,G:G,T:T,G:G,C:C,C:C,T:T,G:G,C:C,T:T,A:A,G:G,G:G,T:T,G:G,A:A,A:A,A:A,C:C,T:T,A:A,T:T,C:C,G:G,A:A,C:C,C:C,C:C,A:A
ICMB 04222:6,G:G,T:T,G:G,T:T,G:G,C:C,C:C,T:T,G:G,C:C,T:T,A:A,G:G,G:G,T:T,G:G,A:A,A:A,A:A,C:C,T:T,A:A,T:T,C:C,G:G,A:A,C:C,C:C,C:C,A:A
ICMB 04222:7,G:G,T:T,G:G,T:T,G:G,C:C,C:C,T:T,G:G,C:C,T:T,A:A,G:G,G:G,T:T,G:G,A:A,A:A,A:A,C:C,T:T,A:A,T:T,C:C,G:G,A:A,C:C,C:C,C:C,A:A
ICMB 04222:8,G:G,T:T,G:G,T:T,G:G,C:C,C:C,T:T,G:G,C:C,T:T,A:A,G:G,G:G,T:T,G:G,A:A,A:A,A:A,C:C,T:T,A:A,T:T,C:C,G:G,A:A,C:C,C:C,C:C,A:A
ICMB 07444,A:A,C:C,A:A,A:A,G:G,T:T,C:C,T:G,N:N,G:G,T:T,A:A,A:A,A:A,T:T,A:A,A:A,A:A,G:G,C:C,T:T,A:A,A:A,T:T,T:T,A:A,C:C,C:C,C:C,G:G
ICMB 08666:1,G:G,C:C,A:A,T:T,A:A,T:T,C:C,G:G,A:A,G:G,T:T,A:A,G:G,G:G,T:T,A:A,A:A,A:A,A:A,C:C,C:C,C:C,T:T,T:T,T:T,A:A,C:C,T:T,C:C,A:A
ICMB 08666:2,G:G,C:C,A:A,T:T,A:A,T:T,C:C,G:G,A:A,G:G,T:T,A:A,G:G,G:G,T:T,A:A,A:A,A:A,A:A,C:C,C:C,C:C,T:T,T:T,T:T,A:A,C:C,T:T,C:C,A:A
ICMB 08666:3,G:G,C:C,A:A,T:T,A:A,T:T,C:C,G:G,A:A,G:G,T:T,A:A,G:G,G:G,T:T,A:A,A:A,A:A,A:A,C:C,C:C,C:C,T:T,T:T,T:T,A:A,C:C,T:T,C:C,A:A
ICMB 08666:4,G:G,C:C,A:A,T:T,A:A,T:T,C:C,G:G,A:A,G:G,T:T,A:A,G:G,G:G,T:T,A:A,A:A,A:A,A:A,C:C,C:C,C:C,T:T,T:T,T:T,A:A,C:C,T:T,C:C,A:A
ICMB 08666:5,G:G,C:C,A:A,T:T,A:A,T:T,C:C,G:G,A:A,G:G,T:T,A:A,G:G,G:G,T:T,A:A,A:A,A:A,A:A,C:C,C:C,C:C,T:T,T:T,T:T,A:A,C:C,T:T,C:C,A:A
ICMB 08666:6,G:G,C:C,A:A,T:T,A:A,T:T,C:C,G:G,A:A,G:G,T:T,A:A,G:G,G:G,T:T,A:A,A:A,A:A,A:A,C:C,C:C,C:C,T:T,T:T,T:T,A:A,C:C,T:T,C:C,A:A
ICMB 08666:7,G:G,C:C,A:A,T:T,A:A,T:T,C:C,G:G,A:A,G:G,T:T,A:A,G:G,G:G,T:T,A:A,A:A,A:A,A:A,C:C,C:C,C:C,T:T,T:T,T:T,A:A,C:C,T:T,C:C,A:A
ICMB 08666:8,G:G,C:C,A:A,T:T,A:A,T:T,C:C,G:G,A:A,G:G,T:T,A:A,G:G,G:G,T:T,A:A,A:A,A:A,A:A,C:C,C:C,C:C,T:T,T:T,T:T,A:A,C:C,T:T,C:C,A:A
ICMB 08999,G:G,C:C,A:A,T:T,A:A,T:T,C:C,G:G,A:A,G:G,T:T,A:A,G:G,G:G,T:T,A:A,A:A,A:A,A:A,C:C,C:C,C:C,T:T,T:T,T:T,A:A,C:C,T:T,C:C,A:A
ICMB 09555,N:N,T:T,G:G,T:T,A:G,N:N,C:C,T:G,A:A,G:C,N:N,C:A,A:G,N:N,N:N,A:A,A:A,G:G,G:G,N:N,T:T,C:C,N:N,T:T,N:N,N:N,N:N,C:C,T:C,N:N
ICMB 100103,G:G,C:C,G:G,A:A,A:A,T:T,T:T,G:G,A:A,G:G,T:T,A:A,G:G,A:A,T:T,A:A,A:A,A:A,A:A,G:G,C:C,A:A,T:T,T:T,T:T,A:A,C:C,T:T,C:C,G:G
ICMB 100114:1,G:G,C:C,A:A,A:A,G:G,T:T,T:T,G:G,A:A,G:G,T:T,A:A,G:G,A:A,G:G,G:G,A:A,A:A,G:G,C:C,T:T,C:C,T:T,T:T,T:T,A:A,C:C,T:T,C:C,G:G
ICMB 100114:2,G:G,C:C,A:A,A:A,G:G,T:T,T:T,G:G,A:A,G:G,T:T,A:A,G:G,A:A,G:G,G:G,A:A,A:A,G:G,C:C,T:T,C:C,T:T,T:T,T:T,A:A,C:C,T:T,C:C,G:G
ICMB 100114:3,G:G,C:C,A:A,A:A,G:G,T:T,T:T,G:G,A:A,G:G,T:T,A:A,G:G,A:A,G:G,G:G,A:A,A:A,G:G,C:C,T:T,C:C,T:T,T:T,T:T,A:A,C:C,T:T,C:C,G:G
ICMB 100114:4,G:G,C:C,?,A:A,G:G,T:T,T:T,G:G,A:A,G:G,T:T,A:A,G:G,Uncallable,G:G,G:G,A:A,A:A,G:G,C:C,T:T,C:C,T:T,T:T,?,A:A,C:C,T:T,C:C,A:A
ICMB 100114:5,G:G,C:C,A:A,A:A,G:G,T:T,T:T,G:G,A:A,G:G,T:T,A:A,G:G,G:A,G:G,G:G,A:A,A:A,G:G,C:C,T:T,C:C,T:T,T:T,T:T,A:A,C:C,T:T,C:C,G:G
ICMB 100114:6,G:G,C:C,A:A,A:A,G:G,T:T,T:T,G:G,A:A,G:G,T:T,A:A,G:G,A:A,G:G,G:G,A:A,A:A,G:G,C:C,T:T,C:C,T:T,T:T,T:T,A:A,C:C,T:T,C:C,G:G
ICMB 100114:7,G:G,C:C,A:A,A:A,G:G,T:T,T:T,G:G,A:A,G:G,T:T,A:A,G:G,A:A,G:G,G:G,A:A,A:A,G:G,C:C,T:T,C:C,T:T,T:T,T:T,A:A,C:C,T:T,C:C,G:G
ICMB 100114:8,G:G,C:C,A:A,A:A,G:G,T:T,T:T,G:G,A:A,G:G,T:T,A:A,G:G,A:A,G:G,G:G,A:A,A:A,G:G,C:C,T:T,C:C,T:T,T:T,T:T,A:A,C:C,T:T,C:C,G:G
ICMB 100132,G:G,C:C,A:A,A:A,G:G,T:T,T:T,G:G,A:A,G:G,T:T,A:A,G:G,A:A,G:G,A:A,A:A,A:A,G:G,C:C,C:C,C:C,T:T,C:C,G:G,A:A,C:C,T:T,C:C,G:G
ICMB 100133,G:G,C:C,A:A,A:A,A:A,T:T,T:T,G:G,A:A,C:C,C:C,A:A,G:G,A:A,G:G,A:A,A:A,G:G,A:A,C:C,C:C,A:A,A:A,C:C,G:G,A:A,G:G,C:C,C:C,G:G
ICMB 100136:1,G:G,C:C,G:G,A:A,A:A,T:T,T:T,G:G,G:G,C:C,T:T,A:A,G:G,A:A,G:G,G:G,A:A,A:A,A:A,G:G,C:C,C:C,T:T,C:C,G:G,A:A,C:C,C:C,T:T,A:A
ICMB 100136:2,G:G,C:C,G:G,A:A,A:A,T:T,T:T,G:G,G:G,C:C,T:T,A:A,G:G,A:A,G:G,G:G,A:A,A:A,A:A,G:G,C:C,C:C,T:T,C:C,G:G,A:A,C:C,C:C,T:T,A:A
ICMB 100136:3,G:G,C:C,G:G,A:A,A:A,T:T,T:T,G:G,G:G,C:C,T:T,A:A,G:G,A:A,G:G,G:G,A:A,A:A,A:A,G:G,C:C,C:C,T:T,C:C,G:G,A:A,C:C,C:C,T:T,A:A
ICMB 100136:4,G:G,C:C,G:G,A:A,A:A,T:T,T:T,G:G,G:G,C:C,T:T,A:A,G:G,A:A,G:G,G:G,A:A,A:A,A:A,G:G,C:C,C:C,T:T,C:C,G:G,A:A,C:C,C:C,T:T,A:A
ICMB 100136:5,G:G,C:C,G:G,A:A,A:A,T:T,T:T,G:G,G:G,C:C,T:T,A:A,G:G,A:A,G:G,G:G,A:A,A:A,A:A,G:G,C:C,C:C,T:T,C:C,G:G,A:A,C:C,C:C,T:T,A:A
ICMB 100136:6,G:G,C:C,G:G,A:A,A:A,T:T,T:T,G:G,G:G,C:C,T:T,A:A,G:G,A:A,G:G,G:G,A:A,A:A,A:A,G:G,C:C,C:C,T:T,C:C,G:G,A:A,C:C,C:C,T:T,A:A
ICMB 100136:7,G:G,C:C,G:G,A:A,A:A,T:T,T:T,G:G,G:G,C:C,T:T,A:A,G:G,A:A,G:G,G:G,A:A,A:A,A:A,G:G,C:C,C:C,T:T,C:C,G:G,A:A,C:C,C:C,T:T,A:A
ICMB 100136:8,G:G,C:C,G:G,A:A,A:A,T:T,T:T,G:G,G:G,C:C,T:T,A:A,G:G,A:A,G:G,G:G,A:A,A:A,A:A,G:G,C:C,C:C,T:T,C:C,G:G,A:A,C:C,C:C,T:T,A:A
ICMB 100157,G:G,C:C,G:G,T:T,G:G,C:C,C:C,G:G,A:A,G:G,C:C,A:A,G:G,G:G,G:G,G:G,A:A,A:A,G:G,C:C,T:T,C:C,A:A,T:T,T:T,A:A,C:C,T:T,T:T,A:A
ICMB 100613,G:G,T:T,A:A,T:T,G:G,T:T,T:T,T:G,G:G,C:C,T:T,C:A,G:G,A:A,T:T,A:A,A:A,A:A,G:G,N:N,C:C,N:N,A:T,T:T,G:G,A:A,C:C,C:C,C:C,A:A
ICMB 100703:1,G:G,C:C,A:A,T:T,A:A,C:C,T:T,G:G,G:G,C:C,T:T,A:A,G:G,A:A,?,G:G,A:A,G:G,G:G,C:C,C:C,C:C,T:T,C:C,G:G,A:A,C:C,C:C,T:T,A:A
ICMB 100703:2,G:G,C:C,A:A,T:T,A:A,C:C,T:T,G:G,G:G,C:C,T:T,A:A,G:G,A:A,?,G:G,A:A,G:G,G:G,C:C,C:C,C:C,T:T,C:C,G:G,A:A,C:C,C:C,T:T,A:A
ICMB 100703:3,G:G,C:C,A:A,T:T,A:A,C:C,T:T,G:G,G:G,C:C,T:T,A:A,G:G,A:A,G:G,G:G,A:A,G:G,G:G,C:C,C:C,C:C,T:T,C:C,G:G,A:A,C:C,C:C,T:T,A:A
ICMB 100703:4,G:G,C:C,A:A,T:T,A:A,C:C,T:T,G:G,G:G,C:C,T:T,A:A,G:G,A:A,?,G:G,A:A,G:G,G:G,C:C,C:C,C:C,T:T,C:C,G:G,A:A,C:C,C:C,T:T,A:A
ICMB 100703:5,G:G,C:C,A:A,T:T,A:A,C:C,T:T,G:G,G:G,C:C,T:T,A:A,G:G,A:A,?,G:G,A:A,G:G,G:G,C:C,C:C,C:C,T:T,C:C,G:G,A:A,C:C,C:C,T:T,A:A
ICMB 100703:6,G:G,C:C,A:A,T:T,A:A,C:C,T:T,G:G,G:G,C:C,T:T,A:A,G:G,A:A,T:T,G:G,A:A,G:G,G:G,C:C,C:C,C:C,T:T,C:C,G:G,A:A,C:C,C:C,T:T,A:A
ICMB 100703:7,G:G,C:C,A:A,T:T,A:A,C:C,T:T,G:G,G:G,C:C,T:T,A:A,G:G,A:A,G:G,G:G,A:A,G:G,G:G,C:C,C:C,C:C,T:T,C:C,G:G,A:A,C:C,C:C,T:T,A:A
ICMB 100703:8,G:G,C:C,A:A,T:T,A:A,C:C,T:T,G:G,G:G,C:C,T:T,A:A,G:G,A:A,T:T,G:G,A:A,G:G,G:G,C:C,C:C,C:C,T:T,C:C,G:G,A:A,C:C,C:C,T:T,A:A
ICMB 100711:1,G:G,C:C,A:A,T:T,A:A,T:T,T:T,T:G,G:G,C:C,T:T,A:A,A:A,G:G,T:T,G:G,A:A,A:A,G:G,C:C,C:C,C:C,A:A,T:T,Uncallable,A:A,G:G,C:C,C:C,G:G
ICMB 100711:2,G:G,C:C,A:A,T:T,A:A,T:T,T:T,T:G,G:G,C:C,T:T,A:A,A:A,G:G,T:T,G:G,A:A,A:A,G:G,C:C,C:C,C:C,A:A,T:T,T:T,A:A,G:G,C:C,C:C,G:G
ICMB 100711:3,G:G,C:C,A:A,T:T,A:A,T:T,T:T,T:G,G:G,C:C,T:T,A:A,A:A,G:G,T:T,G:G,A:A,A:A,G:G,C:C,C:C,C:C,A:A,T:T,T:T,A:A,G:G,C:C,C:C,G:G
ICMB 100711:4,G:G,C:C,A:A,T:T,A:A,T:T,T:T,T:G,G:G,C:C,T:T,A:A,A:A,G:G,T:T,G:G,A:A,A:A,G:G,C:C,C:C,C:C,A:A,T:T,T:T,A:A,G:G,C:C,C:C,G:G
ICMB 100711:5,G:G,C:C,?,T:T,A:A,T:T,?,T:G,G:G,C:C,T:T,A:A,A:A,G:G,T:T,G:G,A:A,A:A,G:G,C:C,C:C,C:C,A:A,T:T,?,A:A,G:G,C:C,C:C,?
ICMB 100711:6,G:G,C:C,A:A,T:T,A:A,T:T,T:T,T:G,G:G,C:C,T:T,A:A,A:A,G:G,T:T,G:G,A:A,A:A,G:G,C:C,C:C,C:C,A:A,T:T,T:T,A:A,G:G,C:C,C:C,G:G
ICMB 100711:7,G:G,C:C,A:A,T:T,A:A,T:T,T:T,T:G,G:G,C:C,T:T,A:A,A:A,G:G,T:T,G:G,A:A,A:A,G:G,C:C,C:C,C:C,A:A,T:T,T:T,A:A,G:G,C:C,C:C,G:G
ICMB 100711:8,G:G,C:C,A:A,T:T,A:A,T:T,T:T,T:G,G:G,C:C,T:T,A:A,A:A,G:G,T:T,G:G,A:A,A:A,G:G,C:C,C:C,C:C,A:A,T:T,T:T,A:A,G:G,C:C,C:C,G:G
ICMB 101117:1,G:G,C:C,G:G,T:T,G:G,C:C,C:C,G:G,A:A,G:G,C:C,A:A,G:G,A:A,G:G,A:A,A:A,A:A,G:G,G:G,C:C,C:C,A:A,T:T,T:T,A:A,C:C,T:T,T:T,A:A
ICMB 101117:2,G:G,C:C,G:G,T:T,G:G,C:C,C:C,G:G,A:A,G:G,C:C,A:A,G:G,A:A,G:G,A:A,A:A,A:A,G:G,G:G,C:C,C:C,A:A,T:T,T:T,A:A,C:C,T:T,T:T,A:A
ICMB 101117:3,G:G,C:C,G:G,T:T,G:G,C:C,C:C,G:G,A:A,G:G,C:C,A:A,G:G,A:A,G:G,A:A,A:A,A:A,G:G,G:G,C:C,C:C,A:A,T:T,T:T,A:A,C:C,T:T,T:T,A:A
ICMB 101117:4,G:G,C:C,G:G,T:T,G:G,C:C,C:C,G:G,A:A,G:G,C:C,A:A,G:G,A:A,G:G,A:A,A:A,A:A,G:G,G:G,C:C,C:C,A:A,T:T,T:T,A:A,C:C,T:T,T:T,A:A
ICMB 101117:5,G:G,C:C,G:G,T:T,G:G,C:C,C:C,G:G,A:A,G:G,C:C,A:A,G:G,A:A,G:G,A:A,A:A,A:A,G:G,G:G,C:C,C:C,A:A,T:T,T:T,A:A,C:C,T:T,T:T,A:A
ICMB 101117:6,G:G,C:C,G:G,T:T,G:G,C:C,C:C,G:G,A:A,G:G,C:C,A:A,G:G,A:A,G:G,A:A,A:A,A:A,G:G,G:G,C:C,C:C,A:A,T:T,T:T,A:A,C:C,T:T,T:T,A:A
ICMB 101117:7,G:G,C:C,G:G,T:T,G:G,C:C,C:C,G:G,A:A,G:G,C:C,A:A,G:G,A:A,G:G,A:A,A:A,A:A,G:G,G:G,C:C,C:C,A:A,T:T,T:T,A:A,C:C,T:T,T:T,?
ICMB 101117:8,G:G,C:C,G:G,T:T,G:G,C:C,C:C,G:G,A:A,G:G,C:C,A:A,G:G,A:A,G:G,A:A,A:A,A:A,G:G,G:G,C:C,C:C,A:A,T:T,T:T,?,C:C,T:T,T:T,A:A
ICMB 10111:1,G:G,C:C,A:A,T:T,A:A,T:T,C:C,G:G,A:A,G:G,T:T,C:C,G:G,G:G,T:T,A:A,A:A,A:A,A:A,C:C,C:C,C:C,T:T,C:C,G:G,A:A,C:C,T:T,C:C,A:A
ICMB 10111:2,G:G,C:C,A:A,T:T,A:A,T:T,C:C,G:G,A:A,G:G,T:T,C:C,G:G,G:G,T:T,A:A,A:A,A:A,A:A,C:C,C:C,C:C,T:T,C:C,G:G,A:A,C:C,T:T,C:C,A:A
ICMB 10111:3,G:G,C:C,A:A,T:T,A:A,T:T,C:C,G:G,A:A,G:G,T:T,C:C,G:G,G:G,T:T,A:A,A:A,A:A,A:A,C:C,C:C,C:C,T:T,C:C,G:G,A:A,C:C,T:T,C:C,A:A
ICMB 10111:4,G:G,C:C,A:A,T:T,A:A,T:T,C:C,G:G,A:A,G:G,T:T,C:C,G:G,G:G,T:T,A:A,A:A,A:A,A:A,C:C,C:C,C:C,T:T,C:C,G:G,A:A,C:C,T:T,C:C,A:A
ICMB 10111:5,G:G,C:C,A:A,T:T,A:A,T:T,C:C,G:G,A:A,G:G,T:T,C:C,G:G,G:G,T:T,A:A,A:A,A:A,A:A,C:C,C:C,C:C,T:T,C:C,G:G,A:A,C:C,T:T,C:C,A:A
ICMB 10111:6,G:G,C:C,A:A,T:T,A:A,T:T,C:C,G:G,A:A,G:G,T:T,C:C,G:G,G:G,T:T,A:A,A:A,A:A,A:A,C:C,C:C,C:C,T:T,C:C,G:G,A:A,C:C,T:T,C:C,A:A
ICMB 10111:7,G:G,C:C,A:A,T:T,A:A,T:T,C:C,G:G,A:A,G:G,T:T,C:C,G:G,G:G,T:T,A:A,A:A,A:A,A:A,C:C,C:C,C:C,T:T,C:C,G:G,A:A,C:C,T:T,C:C,A:A
ICMB 10111:8,G:G,C:C,A:A,T:T,A:A,T:T,C:C,G:G,A:A,G:G,T:T,C:C,G:G,G:G,T:T,A:A,A:A,A:A,A:A,C:C,C:C,C:C,T:T,C:C,G:G,A:A,C:C,T:T,C:C,A:A
ICMB 101378:1,G:A,T:C,G:A,T:T,G:G,C:T,C:T,T:G,G:G,G:C,C:T,C:A,A:G,G:G,T:G,G:G,A:A,G:A,A:G,C:C,C:C,A:C,T:T,C:T,G:G,C:A,C:C,C:C,C:C,?
ICMB 101378:2,G:A,T:C,G:G,A:T,A:G,C:C,C:C,T:G,G:A,C:C,C:T,A:A,G:G,G:G,T:G,G:G,A:A,A:A,A:G,C:C,T:T,A:C,T:T,C:C,G:G,A:A,G:C,C:T,T:C,A:A
ICMB 101378:3,G:G,T:T,G:G,T:T,G:G,C:C,C:C,T:T,G:G,C:C,T:T,A:A,G:G,G:G,T:T,G:G,A:A,A:A,A:A,C:C,T:T,A:A,T:T,C:C,G:G,A:A,C:C,C:C,C:C,A:A
ICMB 101378:4,G:G,T:T,G:G,T:T,G:G,C:C,C:C,T:T,G:G,C:C,T:T,A:A,G:G,G:G,T:T,G:G,A:A,A:A,A:A,C:C,T:T,A:A,T:T,C:C,G:G,A:A,C:C,C:C,C:C,A:A
ICMB 101378:5,G:G,T:T,G:G,T:T,G:G,C:C,C:C,T:T,G:G,C:C,T:T,A:A,G:G,G:G,T:T,G:G,A:A,A:A,A:A,C:C,T:T,A:A,T:T,C:C,G:G,A:A,C:C,C:C,C:C,A:A
ICMB 101378:6,G:G,T:T,G:G,T:T,G:G,C:C,C:C,T:T,G:G,C:C,T:T,A:A,G:G,G:G,T:T,G:G,A:A,A:A,A:A,C:C,T:T,A:A,T:T,C:C,G:G,A:A,C:C,C:C,C:C,A:A
ICMB 101378:7,G:G,T:T,G:G,T:T,G:G,C:C,C:C,T:T,G:G,C:C,T:T,A:A,G:G,G:G,T:T,G:G,A:A,A:A,A:A,C:C,T:T,A:A,T:T,C:C,G:G,A:A,C:C,C:C,C:C,A:A
ICMB 101378:8,G:G,T:T,G:G,T:T,G:G,C:C,C:C,T:T,G:G,C:C,T:T,A:A,G:G,G:G,T:T,G:G,A:A,A:A,A:A,C:C,T:T,A:A,T:T,C:C,G:G,A:A,C:C,C:C,C:C,A:A
ICMB 101410,A:A,T:T,A:A,A:A,A:A,C:C,C:C,G:G,G:G,G:G,C:C,A:A,A:A,G:G,T:T,A:A,A:A,A:A,N:N,C:C,C:C,C:C,A:A,C:C,T:T,A:A,G:G,T:T,C:C,A:A
ICMB 101412:1,A:A,T:T,A:A,A:A,A:A,T:T,C:C,G:G,G:G,C:C,T:T,C:C,A:A,G:G,T:T,A:A,A:A,G:G,G:G,C:C,C:C,C:C,A:A,T:T,T:T,C:C,C:C,T:T,C:C,A:A
ICMB 101412:2,A:A,T:T,?,A:A,A:A,T:T,?,G:G,G:G,C:C,T:T,C:C,?,G:G,T:T,A:A,A:A,G:G,G:G,C:C,C:C,C:C,A:A,T:T,?,C:C,C:C,T:T,C:C,?
ICMB 101412:3,A:A,T:T,A:A,A:A,A:A,C:C,C:C,G:G,G:G,C:C,T:T,C:C,A:A,G:G,T:T,A:A,A:A,G:G,G:G,C:C,C:C,C:C,A:A,T:T,T:T,C:C,C:C,T:T,C:C,A:A
ICMB 101412:4,A:A,T:T,A:A,A:A,A:A,T:T,C:C,G:G,G:G,C:C,T:T,C:C,A:A,G:G,T:T,A:A,A:A,G:G,G:G,C:C,C:C,C:C,A:A,T:T,T:T,C:C,C:C,T:T,C:C,A:A
ICMB 101412:5,A:A,T:T,A:A,A:A,A:A,T:T,C:C,G:G,G:G,C:C,T:T,C:C,A:A,G:G,T:T,A:A,A:A,G:G,G:G,C:C,C:C,C:C,A:A,T:T,T:T,C:C,C:C,T:T,C:C,A:A
ICMB 101412:6,A:A,T:T,A:A,A:A,A:A,T:T,C:C,G:G,G:G,C:C,T:T,C:C,A:A,G:G,T:T,A:A,A:A,G:G,G:G,C:C,C:C,C:C,A:A,T:T,T:T,C:C,C:C,T:T,C:C,A:A
ICMB 101412:7,A:A,T:T,A:A,A:A,A:A,T:T,C:C,G:G,G:G,C:C,T:T,C:C,A:A,G:G,T:T,A:A,A:A,G:G,G:G,C:C,C:C,C:C,A:A,T:T,T:T,C:C,C:C,T:T,C:C,A:A
ICMB 101412:8,A:A,T:T,A:A,A:A,A:A,C:C,C:C,G:G,G:G,C:C,T:T,C:C,A:A,G:G,T:T,A:A,A:A,G:G,G:G,C:C,C:C,C:C,A:A,T:T,T:T,C:C,C:C,T:T,C:C,A:A
ICMB 101426,G:G,T:T,A:A,A:A,A:A,T:T,T:T,G:G,G:G,G:G,T:T,A:A,A:A,G:G,G:G,G:G,A:A,N:N,N:N,C:C,T:T,C:C,T:T,C:C,G:G,A:A,C:C,C:C,C:C,A:A
ICMB 101551,G:G,T:T,G:G,A:A,A:A,T:T,T:T,G:G,A:A,C:C,T:T,A:A,A:A,A:A,N:N,G:G,A:A,A:A,G:G,G:G,T:T,C:C,T:T,C:C,G:G,A:A,C:C,C:C,C:C,G:G
ICMB 101600:1,A:A,T:T,A:A,T:T,G:G,T:T,C:C,G:G,A:A,G:G,T:T,A:A,A:A,G:G,G:G,G:G,A:A,A:A,A:A,G:C,T:T,A:A,A:A,C:C,G:G,A:A,C:C,C:C,C:C,A:A
ICMB 101600:2,A:A,T:T,A:A,T:T,G:G,C:C,C:T,G:G,A:A,G:G,T:T,A:A,A:A,G:G,G:G,G:G,A:A,A:A,A:A,G:C,C:C,A:A,A:A,C:C,G:G,A:A,C:C,C:C,C:C,A:A
ICMB 101600:3,A:A,T:T,A:A,T:T,G:G,C:C,C:C,G:G,A:A,G:G,T:T,A:A,A:A,G:G,G:G,G:G,A:A,A:A,A:A,G:G,C:C,A:A,A:A,C:C,G:G,A:A,C:C,C:C,C:C,A:A
ICMB 101600:4,A:A,T:T,A:A,T:T,G:G,C:T,C:T,G:G,A:A,G:G,T:T,A:A,A:A,G:G,G:G,G:G,A:A,A:A,A:A,G:C,C:C,A:A,A:A,C:C,G:G,?,C:C,C:C,C:C,A:A
ICMB 101600:5,A:A,T:T,A:A,T:T,G:G,C:C,C:C,G:G,A:A,G:G,T:T,A:A,A:A,G:G,G:G,G:G,A:A,A:A,A:A,G:C,C:C,A:A,A:A,C:C,G:G,A:A,C:C,C:C,C:C,A:A
ICMB 101600:6,A:A,T:T,A:A,T:T,G:G,T:T,T:T,G:G,A:A,G:G,T:T,A:A,A:A,G:G,G:G,G:G,A:A,A:A,A:A,G:C,T:T,A:A,A:A,C:C,G:G,A:A,C:C,C:C,C:C,A:A
ICMB 101600:7,A:A,T:T,A:A,T:T,G:G,C:C,C:C,G:G,A:A,G:G,T:T,A:A,A:A,G:G,G:G,G:G,A:A,A:A,A:A,G:G,C:C,A:A,A:A,C:C,G:G,?,C:C,C:C,C:C,A:A
ICMB 101600:8,A:A,T:T,A:A,T:T,G:G,C:C,C:C,G:G,A:A,G:G,T:T,A:A,A:A,G:G,G:G,G:G,A:A,A:A,A:A,G:G,C:C,A:A,A:A,C:C,G:G,?,C:C,C:C,C:C,A:A
ICMB 101601:1,G:G,C:C,A:A,T:T,A:A,T:T,C:C,G:G,A:A,G:G,T:T,A:A,G:G,A:A,G:G,G:G,A:A,A:A,A:A,C:C,C:C,C:C,T:T,C:C,G:G,A:A,C:C,T:T,C:C,A:A
ICMB 101601:2,G:G,C:C,G:A,T:T,A:A,C:T,C:C,G:G,A:A,G:G,C:T,A:A,G:G,A:A,T:G,A:G,A:A,A:A,A:G,C:C,C:C,C:C,A:T,C:T,G:G,C:A,C:C,T:T,T:C,A:A
ICMB 101601:3,G:G,C:C,A:A,T:T,A:A,T:T,C:C,G:G,A:A,G:G,T:T,A:A,G:G,A:A,G:G,G:G,A:A,A:A,A:A,C:C,C:C,C:C,T:T,T:T,T:T,A:A,C:C,T:T,C:C,A:A
ICMB 101601:4,G:G,C:C,A:A,T:T,A:A,T:T,C:C,G:G,A:A,G:G,T:T,A:A,G:G,A:A,G:G,G:G,A:A,A:A,A:A,C:C,C:C,C:C,T:T,T:T,T:T,A:A,C:C,T:T,C:C,A:A
ICMB 101601:5,G:G,C:C,A:A,T:T,A:A,T:T,C:C,G:G,A:A,G:G,T:T,A:A,G:G,A:A,G:G,G:G,A:A,A:A,A:A,C:C,C:C,C:C,T:T,T:T,T:T,A:A,C:C,T:T,C:C,A:A
ICMB 101601:6,G:G,C:C,A:A,T:T,A:A,T:T,C:C,G:G,A:A,G:G,T:T,A:A,G:G,A:A,G:G,G:G,A:A,A:A,A:A,C:C,C:C,C:C,T:T,C:T,G:T,A:A,C:C,T:T,C:C,A:A
ICMB 101601:7,G:G,C:C,A:A,T:T,A:A,T:T,C:C,G:G,A:A,G:G,T:T,A:A,G:G,A:A,G:G,G:G,A:A,A:A,A:A,C:C,C:C,C:C,T:T,C:C,G:G,A:A,C:C,T:T,C:C,A:A
ICMB 101601:8,G:G,C:C,A:A,T:T,A:A,T:T,C:C,G:G,A:A,G:G,T:T,A:A,G:G,A:A,G:G,G:G,A:A,A:A,A:A,C:C,C:C,C:C,T:T,C:C,G:G,A:A,C:C,T:T,C:C,A:A
ICMB 101637:1,G:G,T:T,A:A,T:T,G:G,T:T,T:T,T:G,A:A,C:C,C:C,A:A,G:G,G:G,G:G,A:A,A:A,A:A,A:A,C:C,T:T,C:C,T:T,C:C,G:G,A:A,C:C,C:C,T:T,A:A
ICMB 101637:2,A:A,T:T,A:A,T:T,G:G,T:T,T:T,T:G,A:A,C:C,C:C,A:A,G:G,G:G,G:G,A:A,A:A,A:A,A:A,C:C,T:T,C:C,T:T,C:C,G:G,A:A,C:C,C:C,T:T,A:A
ICMB 101637:3,G:A,T:T,A:A,T:T,G:G,T:T,T:T,T:G,A:A,C:C,C:T,A:A,G:G,G:G,G:G,A:A,A:A,A:A,A:A,C:C,T:T,C:C,T:T,C:C,G:G,A:A,C:C,C:C,T:T,A:A
ICMB 101637:4,G:A,T:T,A:A,T:T,G:G,T:T,T:T,T:G,A:A,C:C,C:T,A:A,G:G,G:G,G:G,A:A,A:A,A:A,A:A,C:C,T:T,C:C,T:T,C:C,G:G,A:A,C:C,C:C,T:T,A:A
ICMB 101637:5,A:A,T:T,A:A,T:T,G:G,T:T,T:T,T:G,A:A,C:C,C:T,A:A,G:G,G:G,G:G,A:A,A:A,A:A,A:A,C:C,T:T,C:C,T:T,C:C,G:G,A:A,C:C,C:C,T:T,A:A
ICMB 101637:6,A:A,T:T,A:A,T:T,G:G,T:T,T:T,T:G,A:A,C:C,C:C,A:A,G:G,G:G,G:G,A:A,A:A,A:A,A:A,C:C,T:T,C:C,T:T,C:C,G:G,A:A,C:C,C:C,T:T,A:A
ICMB 101637:7,G:G,T:T,A:A,T:T,G:G,T:T,T:T,T:G,A:A,C:C,C:C,A:A,G:G,G:G,G:G,A:A,A:A,A:A,A:A,C:C,T:T,C:C,T:T,C:C,G:G,A:A,C:C,C:C,T:T,A:A
ICMB 101637:8,A:A,T:T,A:A,T:T,G:G,T:T,T:T,T:G,A:A,C:C,C:T,A:A,G:G,G:G,G:G,A:A,A:A,A:A,A:A,C:C,T:T,C:C,T:T,C:C,G:G,A:A,C:C,C:C,T:T,A:A
ICMB 101639:1,G:G,T:T,G:G,T:T,G:G,T:T,T:T,T:G,A:A,C:C,T:T,A:A,A:A,G:A,G:G,A:A,A:A,G:G,G:G,C:C,T:T,C:C,T:T,C:C,G:G,A:A,C:C,T:T,T:T,A:A
ICMB 101639:2,G:G,T:T,G:G,T:T,G:G,T:T,T:T,T:G,A:A,C:C,T:T,A:A,A:A,G:G,T:G,A:A,A:A,G:G,G:G,C:C,T:T,C:C,T:T,C:C,G:G,A:A,C:C,T:T,T:T,A:A
ICMB 101639:3,G:G,T:T,G:G,T:T,G:G,T:T,T:T,T:G,A:A,G:C,T:T,A:A,A:A,G:G,G:G,A:A,A:A,G:G,G:G,C:C,T:T,C:C,T:T,C:C,G:G,A:A,C:C,T:T,T:T,A:A
ICMB 101639:4,G:G,T:T,G:G,T:T,G:G,T:T,T:T,T:G,A:A,G:G,T:T,A:A,A:A,G:A,G:G,A:A,A:A,G:G,G:G,C:C,T:T,C:C,T:T,C:C,G:G,A:A,C:C,T:T,T:T,A:A
ICMB 101639:5,G:G,T:T,G:G,T:T,G:G,T:T,T:T,T:G,A:A,C:C,T:T,A:A,A:A,G:A,G:G,A:A,A:A,G:G,G:G,C:C,T:T,C:C,T:T,C:C,G:G,A:A,C:C,T:T,T:T,A:A
ICMB 101639:6,G:G,T:T,G:G,T:T,G:G,T:T,T:T,T:G,A:A,G:C,T:T,A:A,A:A,G:G,T:T,A:A,A:A,G:G,G:G,C:C,T:T,C:C,T:T,C:C,G:G,A:A,C:C,T:T,T:T,A:A
ICMB 101639:7,G:G,T:T,G:G,T:T,G:G,T:T,T:T,T:G,A:A,G:G,T:T,A:A,A:A,G:G,T:G,A:A,A:A,G:G,G:G,C:C,T:T,C:C,T:T,C:C,G:G,A:A,C:C,T:T,T:T,A:A
ICMB 101639:8,G:G,T:T,G:G,T:T,G:G,T:T,T:T,T:G,A:A,C:C,T:T,A:A,A:A,A:A,G:G,A:A,A:A,G:G,G:G,C:C,T:T,C:C,T:T,C:C,G:G,A:A,C:C,T:T,T:T,A:A
ICMB 101644,G:G,C:C,G:G,N:N,A:A,T:T,T:T,G:G,A:A,C:C,C:C,A:A,G:G,A:A,N:N,A:A,A:A,G:G,G:G,G:G,C:C,A:A,A:A,T:T,T:T,A:A,C:C,T:T,T:T,G:G
ICMB 101644:1,G:G,C:C,G:G,A:A,A:A,T:T,T:T,G:G,A:A,C:C,C:C,A:A,G:G,A:A,G:G,A:A,A:A,A:A,G:G,G:G,C:C,A:A,T:T,T:T,T:T,A:A,C:C,T:T,T:T,G:G
ICMB 101644:2,G:G,C:C,G:G,A:A,A:A,T:T,T:T,G:G,A:A,C:C,C:C,A:A,G:G,A:A,G:G,A:A,A:A,A:A,G:G,G:G,C:C,A:A,T:T,T:T,T:T,A:A,C:C,T:T,T:T,G:G
ICMB 101644:3,G:G,C:C,G:G,A:A,A:A,T:T,T:T,G:G,A:A,C:C,C:C,A:A,G:G,A:A,G:G,A:A,A:A,A:A,G:G,G:G,C:C,A:A,A:A,T:T,T:T,A:A,C:C,T:T,T:T,G:G
ICMB 101644:4,G:G,C:C,G:G,A:A,A:A,T:T,T:T,G:G,A:A,C:C,C:C,A:A,G:G,A:A,G:G,A:A,A:A,A:A,G:G,G:G,C:C,A:A,T:T,T:T,T:T,A:A,C:C,T:T,T:T,G:G
ICMB 101644:5,G:G,C:C,G:G,A:A,A:A,T:T,T:T,G:G,A:A,C:C,C:C,A:A,G:G,A:A,G:G,A:A,A:A,A:A,G:G,G:G,C:C,A:A,A:A,T:T,T:T,A:A,C:C,T:T,T:T,G:G
ICMB 101644:6,G:G,C:C,G:G,A:A,A:A,T:T,T:T,G:G,A:A,C:C,C:C,A:A,G:G,A:A,G:G,A:A,A:A,A:A,G:G,G:G,C:C,A:A,A:A,T:T,T:T,A:A,C:C,T:T,T:T,G:G
ICMB 101644:7,G:G,C:C,G:G,A:A,A:A,T:T,T:T,G:G,A:A,C:C,C:C,A:A,G:G,A:A,G:G,A:A,A:A,A:A,G:G,G:G,C:C,A:A,T:T,T:T,T:T,A:A,C:C,T:T,T:T,G:G
ICMB 101644:8,G:G,C:C,G:G,A:A,A:A,T:T,T:T,G:G,A:A,C:C,C:C,A:A,G:G,A:A,G:G,A:A,A:A,A:A,G:G,G:G,C:C,A:A,T:T,T:T,T:T,A:A,C:C,T:T,T:T,?
ICMB 101661:1,G:G,T:T,A:A,A:A,A:A,T:T,T:T,G:G,A:A,G:G,T:T,A:A,A:A,G:G,G:G,G:G,A:A,A:A,G:G,C:C,T:T,C:C,T:T,C:C,G:G,A:A,G:G,C:C,T:T,A:A
ICMB 101661:2,G:G,T:T,A:A,T:T,A:A,T:T,T:T,G:G,A:A,G:G,T:T,A:A,G:G,G:G,G:G,G:G,A:A,A:A,G:G,C:C,T:T,C:C,T:T,C:C,G:G,A:A,G:G,C:C,T:T,A:A
ICMB 101661:3,G:G,T:T,A:A,T:T,A:A,T:T,T:T,G:G,A:A,G:G,T:T,A:A,A:A,G:G,G:G,G:G,A:A,A:A,G:G,C:C,T:T,C:C,T:T,C:C,G:G,A:A,G:G,C:C,T:T,A:A
ICMB 101661:4,G:G,T:T,A:A,A:A,A:A,T:T,T:T,G:G,A:A,G:G,T:T,A:A,A:G,G:G,G:G,G:G,A:A,A:A,G:G,C:C,T:T,C:C,T:T,C:C,G:G,A:A,G:G,C:C,T:T,A:A
ICMB 101661:5,G:G,T:T,A:A,T:T,A:A,T:T,T:T,G:G,A:A,G:G,T:T,A:A,A:A,G:G,G:G,G:G,A:A,A:A,G:G,C:C,T:T,C:C,T:T,C:C,G:G,A:A,G:G,C:C,T:T,A:A
ICMB 101661:6,G:G,T:T,A:A,A:T,A:A,T:T,T:T,G:G,A:A,G:G,T:T,A:A,A:G,G:G,G:G,G:G,A:A,A:A,G:G,C:C,T:T,C:C,T:T,C:C,G:G,A:A,G:G,C:C,T:T,A:A
ICMB 101661:7,G:G,T:T,A:A,T:T,A:A,T:T,T:T,G:G,A:A,G:G,T:T,A:A,A:G,G:G,G:G,G:G,A:A,A:A,G:G,C:C,T:T,C:C,T:T,C:C,G:G,A:A,G:G,C:C,T:T,A:A
ICMB 101661:8,G:G,T:T,A:A,A:A,A:A,T:T,T:T,G:G,A:A,G:G,T:T,A:A,G:G,G:G,G:G,G:G,A:A,A:A,G:G,C:C,T:T,C:C,T:T,C:C,G:G,A:A,G:G,C:C,T:T,A:A
ICMB 101665:1,G:G,T:T,?,T:T,A:A,T:T,T:T,G:G,A:A,G:G,T:T,A:A,A:A,G:G,T:T,A:A,A:A,A:A,G:G,C:C,T:T,C:C,T:T,C:C,?,A:A,C:C,C:C,T:T,A:A
ICMB 101665:2,G:G,T:T,A:A,T:T,A:A,T:T,T:T,G:G,A:A,G:G,T:T,A:A,A:A,G:G,T:T,A:A,A:A,A:A,G:G,C:C,T:T,C:C,T:T,C:C,G:G,A:A,C:C,C:C,T:T,A:A
ICMB 101665:3,G:G,T:T,A:A,T:T,A:A,T:T,T:T,G:G,A:A,G:G,T:T,A:A,A:A,G:G,T:T,A:A,A:A,A:A,G:G,C:C,T:T,C:C,T:T,C:C,G:G,A:A,C:C,C:C,T:T,A:A
ICMB 101665:4,G:G,T:T,A:A,T:T,A:A,T:T,T:T,G:G,A:A,G:G,T:T,A:A,A:A,G:G,T:T,A:A,A:A,A:A,G:G,C:C,T:T,C:C,T:T,C:C,G:G,A:A,C:C,C:C,T:T,A:A
ICMB 101665:5,G:G,T:T,A:A,T:T,A:A,T:T,T:T,G:G,A:A,G:G,T:T,A:A,A:A,G:G,T:T,A:A,A:A,A:A,G:G,C:C,T:T,C:C,T:T,C:C,G:G,A:A,C:C,C:C,T:T,A:A
ICMB 101665:6,G:G,T:T,A:A,T:T,A:A,T:T,T:T,G:G,A:A,G:G,T:T,A:A,A:A,G:G,T:T,A:A,A:A,A:A,G:G,C:C,T:T,C:C,T:T,C:C,G:G,A:A,C:C,C:C,?,A:A
ICMB 101665:7,G:G,T:T,A:A,T:T,A:A,T:T,T:T,G:G,A:A,G:G,T:T,A:A,A:A,G:G,T:T,A:A,A:A,A:A,G:G,C:C,T:T,C:C,T:T,C:C,G:G,A:A,C:C,C:C,T:T,A:A
ICMB 101665:8,G:G,T:T,A:A,T:T,A:A,T:T,T:T,G:G,A:A,G:G,T:T,A:A,A:A,G:G,T:T,A:A,A:A,A:A,G:G,C:C,T:T,C:C,T:T,C:C,G:G,A:A,C:C,C:C,T:T,A:A
ICMB 101771:1,A:A,C:C,G:G,T:T,A:A,C:C,T:T,G:G,A:A,G:G,C:C,C:C,G:G,G:G,T:T,G:G,A:A,A:A,G:G,C:C,T:T,C:C,T:T,T:T,T:T,A:A,C:C,T:T,T:T,G:G
ICMB 101771:2,A:A,C:C,G:G,T:T,A:A,C:C,T:T,G:G,A:A,G:G,C:C,C:C,G:G,G:G,T:T,G:G,A:A,A:A,G:G,C:C,T:T,C:C,T:T,T:T,T:T,A:A,C:C,T:T,T:T,G:G
ICMB 101771:3,A:A,C:C,G:G,T:T,A:A,C:C,T:T,G:G,A:A,G:G,C:C,C:C,G:G,G:G,T:T,G:G,A:A,A:A,G:G,C:C,T:T,C:C,T:T,T:T,T:T,A:A,C:C,T:T,T:T,G:G
ICMB 101771:4,A:A,C:C,G:G,T:T,A:A,C:C,T:T,G:G,A:A,G:G,C:C,C:C,G:G,G:G,T:T,G:G,A:A,A:A,G:G,C:C,T:T,C:C,T:T,T:T,T:T,A:A,C:C,T:T,T:T,G:G
ICMB 101771:5,A:A,C:C,G:G,T:T,A:A,C:C,T:T,G:G,A:A,G:G,C:C,C:C,G:G,G:G,T:T,G:G,A:A,A:A,G:G,C:C,T:T,C:C,T:T,T:T,T:T,A:A,C:C,T:T,T:T,G:G
ICMB 101771:6,A:A,C:C,G:G,T:T,A:A,C:C,T:T,G:G,A:A,G:G,C:C,C:C,G:G,G:G,T:T,G:G,A:A,A:A,G:G,C:C,T:T,C:C,T:T,T:T,T:T,A:A,C:C,T:T,T:T,G:G
ICMB 101771:7,A:A,C:C,G:G,T:T,A:A,C:C,T:T,G:G,A:A,G:G,C:C,C:C,G:G,G:G,T:T,G:G,A:A,A:A,G:G,C:C,T:T,C:C,T:T,T:T,T:T,A:A,C:C,T:T,T:T,G:G
ICMB 101771:8,A:A,C:C,G:G,T:T,A:A,C:C,T:T,G:G,A:A,G:G,C:C,C:C,G:G,G:G,T:T,G:G,A:A,A:A,G:G,C:C,T:T,C:C,T:T,T:T,T:T,A:A,C:C,T:T,T:T,G:G
ICMB 101772:1,G:G,T:T,A:A,A:A,G:G,T:T,C:C,T:T,G:G,C:C,C:C,A:A,G:G,G:G,G:G,G:G,A:A,A:A,A:A,G:G,C:C,C:C,A:A,C:C,G:G,A:A,C:C,T:T,T:T,G:G
ICMB 101772:2,G:G,T:T,A:A,A:A,G:G,T:T,C:C,T:T,G:G,C:C,C:C,A:A,G:G,G:G,G:G,G:G,A:A,A:A,A:A,G:G,C:C,C:C,A:A,C:C,G:G,A:A,C:C,T:T,T:T,?
ICMB 101772:3,G:G,T:T,A:A,A:A,G:G,T:T,C:C,G:G,G:G,C:C,C:C,A:A,G:G,G:G,G:G,G:G,A:A,A:A,A:A,G:G,C:C,C:C,A:A,C:C,G:G,A:A,C:C,T:T,T:T,G:G
ICMB 101772:4,G:G,T:T,A:A,A:A,G:G,T:T,C:C,T:T,G:G,C:C,C:C,A:A,G:G,G:G,G:G,G:G,A:A,A:A,A:A,G:G,C:C,C:C,A:A,C:C,G:G,A:A,C:C,T:T,T:T,G:G
ICMB 101772:5,G:G,T:T,A:A,A:A,G:G,T:T,C:C,T:G,G:G,C:C,C:C,A:A,G:G,G:G,G:G,G:G,A:A,A:A,A:A,G:G,C:C,C:C,A:A,C:C,G:G,A:A,C:C,T:T,T:T,G:G
ICMB 101772:6,G:G,T:T,A:A,A:A,G:G,T:T,C:C,G:G,G:G,C:C,C:C,A:A,G:G,G:G,G:G,G:G,A:A,A:A,A:A,G:G,C:C,C:C,A:A,C:C,G:G,A:A,C:C,T:T,T:T,G:G
ICMB 101772:7,G:G,T:T,A:A,A:A,G:G,T:T,C:C,T:G,G:G,C:C,C:C,A:A,G:G,G:G,G:G,G:G,A:A,A:A,A:A,G:G,C:C,C:C,A:A,C:C,G:G,A:A,C:C,T:T,T:T,G:G
ICMB 101772:8,G:G,T:T,A:A,A:A,G:G,T:T,C:C,G:G,G:G,C:C,C:C,A:A,G:G,G:G,G:G,G:G,A:A,A:A,A:A,G:G,C:C,C:C,A:A,C:C,G:G,A:A,C:C,T:T,T:T,G:G
ICMB 101779:1,A:A,C:C,G:G,T:T,A:A,C:C,T:T,G:G,A:A,G:C,C:C,C:C,G:G,G:G,T:T,A:A,A:A,A:A,G:G,C:C,T:T,C:C,T:T,T:T,T:T,A:A,C:C,C:C,T:C,G:G
ICMB 101779:2,A:A,C:C,G:G,T:T,A:A,T:T,T:T,G:G,A:A,G:G,C:C,C:C,G:G,G:G,T:T,A:A,A:A,A:A,G:G,C:C,T:T,C:C,T:T,T:T,T:T,A:A,C:C,C:C,C:C,G:G
ICMB 101779:3,A:A,C:C,G:G,T:T,A:A,T:T,T:T,G:G,A:A,G:G,C:C,C:C,G:G,G:G,T:T,A:A,A:A,A:A,G:G,C:C,T:T,C:C,T:T,T:T,T:T,A:A,C:C,C:C,C:C,G:G
ICMB 101779:4,A:A,C:C,G:G,T:T,A:A,T:T,T:T,G:G,A:A,G:G,C:C,C:C,G:G,G:G,T:T,A:A,A:A,A:A,G:G,C:C,T:T,C:C,T:T,T:T,T:T,A:A,C:C,C:C,C:C,G:G
ICMB 101779:5,A:A,C:C,G:G,T:T,A:A,T:T,T:T,G:G,A:A,G:G,C:C,C:C,G:G,G:G,T:T,A:A,A:A,A:A,G:G,C:C,T:T,C:C,T:T,T:T,T:T,A:A,C:C,C:C,C:C,G:G
ICMB 101779:6,A:A,C:C,G:G,T:T,A:A,T:T,T:T,G:G,A:A,G:G,C:C,C:C,G:G,G:G,T:T,A:A,A:A,A:A,G:G,C:C,T:T,C:C,T:T,T:T,T:T,A:A,C:C,C:C,C:C,G:G
ICMB 101779:7,A:A,C:C,G:G,T:T,A:A,T:T,T:T,G:G,A:A,G:G,C:C,C:C,G:G,G:G,T:T,A:A,A:A,A:A,G:G,C:C,T:T,C:C,T:T,T:T,T:T,A:A,C:C,C:C,C:C,G:G
ICMB 101779:8,A:A,C:C,G:G,T:T,A:A,T:T,T:T,G:G,A:A,G:G,C:C,C:C,G:G,G:G,T:T,A:A,A:A,A:A,G:G,C:C,T:T,C:C,T:T,T:T,T:T,A:A,C:C,C:C,C:C,G:G
ICMB 101780:1,G:A,T:C,G:A,A:A,A:G,C:C,T:T,G:G,G:G,G:C,C:C,C:A,G:G,G:G,G:G,G:G,G:A,G:G,A:A,G:C,C:C,C:C,T:T,C:T,G:T,C:A,G:C,T:T,T:T,G:G
ICMB 101780:2,G:G,T:C,?,A:T,G:G,T:T,?,G:G,?,?,C:C,A:A,?,?,T:G,G:G,A:A,G:G,A:A,G:G,C:C,C:C,T:T,C:C,?,C:C,G:G,T:T,T:T,?
ICMB 101780:3,G:G,T:C,A:A,A:A,G:G,C:T,T:T,G:G,G:G,G:C,C:C,C:A,G:G,G:G,T:G,G:G,A:A,G:A,A:G,C:C,T:T,C:C,T:T,C:C,G:G,C:C,G:G,T:T,T:T,G:G
ICMB 101780:4,A:A,T:T,G:G,A:T,A:A,C:T,T:T,G:G,G:G,G:C,C:C,C:A,G:G,G:G,G:G,G:G,A:A,G:A,A:G,C:C,T:T,C:C,T:T,T:T,T:T,A:A,C:C,T:T,T:T,G:G
ICMB 101780:5,G:G,T:C,G:A,A:A,G:G,C:T,T:T,G:G,Uncallable,C:C,C:C,C:A,G:G,G:G,T:G,G:G,A:A,G:A,A:G,C:C,C:T,C:C,T:T,C:C,G:G,C:C,G:G,T:T,T:T,G:G
ICMB 101780:6,G:G,T:T,G:A,A:T,G:G,C:C,T:T,G:G,G:G,G:C,C:C,C:A,G:G,G:G,T:G,G:G,A:A,G:A,A:G,C:C,C:C,C:C,T:T,C:T,G:T,C:A,G:C,T:T,T:T,G:G
ICMB 101780:7,G:G,T:C,G:A,T:T,G:G,C:T,T:T,G:G,G:G,C:C,C:C,C:A,G:G,G:G,T:T,G:G,G:A,G:G,A:A,C:C,C:T,C:C,T:T,C:C,G:G,C:C,G:G,T:T,T:T,G:G
ICMB 101780:8,A:A,T:C,G:A,T:T,A:A,C:T,T:T,G:G,G:G,G:C,C:C,A:A,G:G,G:G,T:T,G:G,A:A,G:A,A:G,G:C,C:C,C:C,T:T,C:T,G:T,C:A,G:C,T:T,T:T,G:G
ICMB 101784:1,G:G,C:C,G:G,T:T,A:A,C:C,T:T,G:G,A:A,C:C,T:T,C:C,G:G,A:A,T:T,G:G,A:A,A:A,G:G,G:G,C:C,C:C,T:T,C:C,G:G,A:A,C:C,T:T,C:C,A:G
ICMB 101784:2,G:G,C:C,G:G,T:T,A:A,C:C,T:T,G:G,A:A,C:C,T:T,C:C,G:G,A:A,T:T,G:G,A:A,A:A,G:G,G:G,C:C,C:C,T:T,C:C,G:G,A:A,C:C,T:T,C:C,G:G
ICMB 101784:3,G:G,C:C,G:G,T:T,A:A,C:C,T:T,G:G,A:A,C:C,T:T,C:C,G:G,A:A,T:T,G:G,A:A,A:A,G:G,G:G,C:C,C:C,T:T,C:C,G:G,A:A,C:C,T:T,C:C,G:G
ICMB 101784:4,G:G,C:C,G:G,T:T,A:A,C:C,T:T,G:G,A:A,C:C,T:T,C:C,G:G,A:A,T:T,G:G,A:A,A:A,G:G,G:G,C:C,C:C,T:T,C:C,G:G,A:A,C:C,T:T,C:C,G:G
ICMB 101784:5,G:G,C:C,G:G,T:T,A:A,C:C,T:T,G:G,A:A,C:C,T:T,C:C,G:G,A:A,T:T,G:G,A:A,A:A,G:G,G:G,C:C,C:C,T:T,C:C,G:G,A:A,C:C,T:T,C:C,G:G
ICMB 101784:6,G:G,C:C,G:G,T:T,A:A,C:C,T:T,G:G,A:A,C:C,T:T,C:C,G:G,A:A,T:T,G:G,A:A,A:A,G:G,G:G,C:C,C:C,T:T,C:C,G:G,A:A,C:C,T:T,C:C,G:G
ICMB 101784:7,G:G,C:C,G:G,T:T,A:A,C:C,T:T,G:G,A:A,C:C,T:T,C:C,G:G,A:A,T:T,G:G,A:A,A:A,G:G,G:G,C:C,C:C,T:T,C:C,G:G,A:A,C:C,T:T,C:C,G:G
ICMB 101784:8,G:G,C:C,G:G,T:T,A:A,C:C,T:T,G:G,A:A,C:C,T:T,C:C,G:G,A:A,T:T,G:G,A:A,A:A,G:G,G:G,C:C,C:C,T:T,C:C,G:G,A:A,C:C,T:T,C:C,G:G
ICMB 101792:10,G:G,T:T,?,T:T,?,C:C,?,G:G,A:A,?,C:C,?,?,G:A,G:G,?,A:A,?,G:G,C:C,C:C,A:A,A:A,T:T,?,A:A,G:G,T:T,?,?
ICMB 101792:11,G:G,T:T,G:G,T:T,G:G,C:C,C:C,G:G,A:A,G:G,C:C,A:A,G:G,A:A,G:G,A:G,A:A,A:A,G:G,C:C,T:T,A:A,A:A,T:T,T:T,A:A,G:G,T:T,C:C,A:A
ICMB 101792:12,G:G,T:T,G:G,T:T,G:G,C:C,C:C,G:G,A:A,G:G,C:C,A:A,G:G,A:A,G:G,G:G,A:A,A:A,G:G,C:C,T:T,A:A,A:A,T:T,T:T,A:A,C:C,T:T,C:C,A:A
ICMB 101792:13,G:G,T:T,G:G,T:T,G:G,C:C,C:C,G:G,A:A,G:G,C:C,A:A,G:G,A:A,G:G,A:G,A:A,A:A,G:G,C:C,T:T,A:A,A:A,T:T,T:T,A:A,G:G,T:T,C:C,A:A
ICMB 101792:14,G:G,T:T,G:G,T:T,G:G,C:C,C:C,G:G,A:A,G:G,C:C,A:A,G:G,A:A,G:G,A:A,A:A,A:A,G:G,C:C,T:T,A:A,A:A,T:T,T:T,A:A,G:G,T:T,C:C,A:A
ICMB 101792:15,G:G,T:T,G:G,T:T,G:G,C:C,C:C,G:G,A:A,G:G,C:C,A:A,G:G,A:A,G:G,G:G,A:A,A:A,G:G,C:C,T:T,A:A,A:A,T:T,T:T,A:A,G:G,T:T,C:C,A:A
ICMB 101792:16,G:G,T:T,G:G,T:T,G:G,C:C,C:C,G:G,A:A,G:G,C:C,A:A,G:G,A:A,G:G,A:G,A:A,A:A,G:G,C:C,T:T,A:A,A:A,T:T,T:T,A:A,G:G,T:T,C:C,A:A
ICMB 101792:9,G:G,T:T,G:G,T:T,G:G,C:C,C:C,G:G,A:A,G:G,C:C,A:A,G:G,A:A,G:G,G:G,A:A,A:A,G:G,C:C,T:T,C:C,A:A,T:T,T:T,A:A,G:C,T:T,C:C,A:A
ICMB 101793:1,G:G,C:C,A:A,A:A,A:A,C:C,C:C,G:G,A:A,C:C,C:C,C:C,G:G,A:A,G:G,G:G,A:A,G:G,A:A,G:G,C:C,A:A,A:A,T:T,G:G,A:A,C:C,T:T,T:T,A:A
ICMB 101793:2,G:G,C:C,A:A,A:A,A:A,C:C,C:C,G:G,A:A,C:C,C:C,C:C,G:G,A:A,G:G,G:G,A:A,G:G,A:A,G:G,C:C,A:A,A:A,T:T,G:G,A:A,C:C,T:T,T:T,A:A
ICMB 101793:3,G:G,C:C,A:A,A:A,A:A,C:C,C:C,G:G,A:A,C:C,C:C,C:C,G:G,A:A,G:G,G:G,A:A,G:G,A:A,G:G,C:C,A:A,A:A,T:T,G:G,A:A,C:C,T:T,T:T,A:A
ICMB 101793:4,G:G,C:C,A:A,A:A,A:A,C:C,C:C,G:G,A:A,C:C,C:C,C:C,G:G,A:A,G:G,G:G,A:A,G:G,A:A,G:G,C:C,A:A,A:A,T:T,G:G,A:A,C:C,T:T,T:T,A:A
ICMB 101793:5,G:G,C:C,A:A,A:A,A:A,C:C,C:C,G:G,A:A,C:C,C:C,C:C,G:G,A:A,G:G,G:G,A:A,G:G,A:A,G:G,C:C,A:A,A:A,T:T,G:G,A:A,C:C,T:T,T:T,A:A
ICMB 101793:6,G:G,C:C,A:A,A:A,A:A,C:C,C:C,G:G,A:A,C:C,C:C,C:C,G:G,A:A,G:G,G:G,A:A,G:G,A:A,G:G,C:C,A:A,A:A,T:T,G:G,A:A,C:C,T:T,T:T,A:A
ICMB 101793:7,G:G,C:C,A:A,A:A,A:A,C:C,C:C,G:G,A:A,C:C,C:C,C:C,G:G,A:A,G:G,G:G,A:A,G:G,A:A,G:G,C:C,A:A,A:A,T:T,G:G,A:A,C:C,T:T,T:T,A:A
ICMB 101793:8,G:G,C:C,A:A,A:A,A:A,C:C,C:C,G:G,A:A,C:C,C:C,C:C,G:G,A:A,G:G,G:G,A:A,G:G,A:A,G:G,C:C,A:A,A:A,T:T,G:G,A:A,C:C,T:T,T:T,A:A
ICMB 101795:1,A:A,T:C,G:G,T:T,A:A,C:T,T:T,T:T,A:A,C:C,T:T,C:C,A:G,G:A,T:T,G:G,A:A,G:G,A:A,G:C,C:C,A:A,A:A,T:T,T:T,A:A,G:G,T:T,C:C,G:G
ICMB 101795:2,A:A,T:C,G:G,T:T,A:A,C:T,T:T,T:T,A:A,C:C,T:T,?,A:A,G:G,T:T,G:G,A:A,G:A,A:G,G:C,T:T,C:C,A:A,C:C,G:G,A:A,C:C,T:T,C:C,G:G
ICMB 101795:3,A:A,T:T,G:G,T:T,A:A,C:T,T:T,T:T,A:A,C:C,T:T,C:C,A:G,G:G,T:T,G:G,A:A,G:G,A:A,G:G,C:C,C:C,A:A,C:T,G:T,A:A,G:C,T:T,C:C,G:G
ICMB 101795:4,A:A,C:C,G:G,T:T,A:A,T:T,T:T,T:T,A:A,C:C,T:T,C:C,A:A,G:G,T:T,G:G,A:A,G:G,A:A,C:C,T:T,C:C,T:T,C:C,G:G,A:A,C:C,T:T,C:C,G:G
ICMB 101795:5,A:A,T:T,G:G,T:T,A:A,C:C,T:T,T:T,A:A,C:C,T:T,C:C,A:G,A:A,T:T,G:G,A:A,G:A,A:G,G:C,C:C,A:A,A:A,T:T,T:T,A:A,G:C,T:T,C:C,G:G
ICMB 101795:6,A:A,T:C,G:G,T:T,A:A,C:T,T:T,T:T,A:A,C:C,T:T,C:C,G:G,G:A,T:T,G:G,A:A,G:A,A:G,C:C,T:T,A:C,A:A,C:C,G:G,A:A,G:C,T:T,C:C,G:G
ICMB 101795:7,A:A,T:C,?,T:T,A:A,C:C,T:T,T:T,A:A,C:C,T:T,C:C,G:G,A:A,T:T,G:G,A:A,G:G,A:A,C:C,Uncallable,A:A,A:A,C:T,G:G,A:A,G:C,T:T,C:C,?
ICMB 101795:8,A:A,C:C,G:G,T:T,A:A,T:T,T:T,T:T,A:A,C:C,T:T,C:C,A:G,G:A,T:T,G:G,A:A,G:G,A:A,G:C,C:C,C:C,A:A,C:T,G:T,A:A,G:C,T:T,C:C,G:G
ICMB 101797:1,A:A,C:C,G:G,A:A,A:A,C:C,T:T,G:G,A:A,C:C,C:C,A:A,G:G,G:G,G:G,G:G,A:A,A:A,G:G,C:C,T:T,C:C,T:T,T:T,T:T,A:A,C:C,T:T,T:T,A:A
ICMB 101797:2,A:A,C:C,G:G,A:A,A:A,C:C,T:T,G:G,A:A,C:C,C:C,A:A,G:G,G:G,G:G,G:G,A:A,A:A,G:G,C:C,T:T,C:C,T:T,T:T,T:T,A:A,C:C,T:T,T:T,A:A
ICMB 101797:3,A:A,C:C,G:G,A:A,A:A,C:C,T:T,G:G,A:A,C:C,C:C,A:A,G:G,G:G,G:G,G:G,A:A,A:A,G:G,C:C,T:T,C:C,T:T,T:T,T:T,A:A,C:C,T:T,T:T,A:A
ICMB 101797:4,A:A,C:C,G:G,A:A,A:A,C:C,T:T,G:G,A:A,C:C,C:C,A:A,G:G,G:G,G:G,G:G,A:A,A:A,G:G,C:C,T:T,C:C,T:T,T:T,T:T,A:A,C:C,T:T,T:T,A:A
ICMB 101797:5,A:A,C:C,G:G,A:A,A:A,C:C,T:T,G:G,A:A,C:C,C:C,A:A,G:G,G:G,G:G,G:G,A:A,A:A,G:G,C:C,T:T,C:C,T:T,T:T,T:T,A:A,C:C,T:T,T:T,A:A
ICMB 101797:6,A:A,C:C,G:G,A:A,A:A,C:C,T:T,G:G,A:A,C:C,C:C,A:A,G:G,G:G,G:G,G:G,A:A,A:A,G:G,C:C,T:T,C:C,T:T,T:T,T:T,A:A,C:C,T:T,T:T,A:A
ICMB 101797:7,A:A,C:C,G:G,A:A,A:A,C:C,T:T,G:G,A:A,C:C,C:C,A:A,G:G,G:G,G:G,G:G,A:A,A:A,G:G,C:C,T:T,C:C,T:T,T:T,T:T,A:A,C:C,T:T,T:T,A:A
ICMB 101797:8,A:A,C:C,G:G,A:A,A:A,C:C,T:T,G:G,A:A,C:C,C:C,A:A,G:G,G:G,G:G,G:G,A:A,A:A,G:G,C:C,T:T,C:C,T:T,T:T,T:T,A:A,C:C,T:T,T:T,A:A
ICMB 101806,A:A,T:T,G:G,T:T,A:A,C:C,C:T,G:G,G:G,G:G,C:C,A:A,A:A,A:A,T:T,A:A,A:A,G:G,G:G,C:C,C:C,C:C,T:T,C:C,G:G,A:A,C:C,T:T,T:C,A:A
ICMB 101815,G:G,C:C,G:G,T:T,G:G,C:C,C:C,G:G,A:A,G:G,C:C,A:A,G:G,A:A,G:G,A:A,A:A,A:A,G:G,C:C,T:T,C:C,A:A,T:T,G:G,A:A,C:C,T:T,T:T,A:A
ICMB 101827:1,G:G,T:T,A:A,A:A,A:A,T:T,T:T,G:G,G:G,G:G,T:T,A:A,A:A,G:G,G:G,G:G,A:A,A:A,A:A,C:C,C:C,C:C,T:T,C:C,G:G,A:A,C:C,C:C,T:T,A:A
ICMB 101827:2,G:G,T:T,A:A,A:A,A:A,T:T,T:T,G:G,G:G,G:G,T:T,A:A,A:A,G:G,G:G,G:G,A:A,A:A,A:A,C:C,C:C,C:C,T:T,C:C,G:G,A:A,C:C,C:C,T:T,A:A
ICMB 101827:3,G:G,T:T,A:A,A:A,A:A,T:T,T:T,G:G,G:G,G:G,T:T,A:A,A:A,G:G,G:G,G:G,A:A,A:A,A:A,C:C,C:C,C:C,T:T,C:C,G:G,A:A,C:C,C:C,T:T,A:A
ICMB 101827:4,G:G,T:T,A:A,A:A,A:A,T:T,T:T,G:G,G:G,G:G,T:T,A:A,A:A,G:G,G:G,G:G,A:A,A:A,A:A,C:C,C:C,C:C,T:T,C:C,G:G,A:A,C:C,C:C,T:T,A:A
ICMB 101832:1,A:A,C:C,G:G,A:A,A:A,T:T,C:C,G:G,G:G,C:C,T:T,A:A,G:G,A:A,T:T,G:G,A:A,A:A,G:G,C:C,T:T,A:A,T:T,C:C,G:G,A:A,C:C,T:T,C:C,G:G
ICMB 101832:2,A:A,C:C,G:G,A:A,A:A,T:T,C:C,G:G,G:G,C:C,T:T,A:A,G:G,A:A,T:T,G:G,A:A,A:A,G:G,C:C,T:T,A:A,T:T,C:C,G:G,A:A,C:C,T:T,C:C,G:G
ICMB 101832:3,A:A,C:C,G:G,A:A,A:A,T:T,C:C,G:G,G:G,C:C,T:T,A:A,G:G,A:A,T:T,G:G,A:A,A:A,G:G,C:C,T:T,A:A,T:T,C:C,G:G,A:A,C:C,T:T,C:C,G:G
ICMB 101832:4,A:A,C:C,G:G,A:A,A:A,T:T,C:C,G:G,G:G,C:C,T:T,A:A,G:G,A:A,T:T,G:G,A:A,A:A,G:G,C:C,T:T,A:A,T:T,C:C,G:G,A:A,C:C,T:T,C:C,G:G
ICMB 101832:5,A:A,C:C,G:G,A:A,A:A,T:T,C:C,G:G,G:G,C:C,T:T,A:A,G:G,A:A,T:T,G:G,A:A,A:A,G:G,C:C,T:T,A:A,T:T,C:C,G:G,A:A,C:C,T:T,C:C,G:G
ICMB 101832:6,A:A,C:C,G:G,A:A,A:A,T:T,C:C,G:G,G:G,C:C,T:T,A:A,G:G,A:A,T:T,G:G,A:A,A:A,G:G,C:C,T:T,A:A,T:T,C:C,G:G,A:A,C:C,T:T,C:C,G:G
ICMB 101832:7,A:A,C:C,G:G,A:A,A:A,T:T,C:C,G:G,G:G,C:C,T:T,A:A,G:G,A:A,T:T,G:G,A:A,A:A,G:G,C:C,T:T,A:A,T:T,C:C,G:G,A:A,C:C,T:T,C:C,G:G
ICMB 101832:8,A:A,C:C,G:G,A:A,A:A,T:T,C:C,G:G,G:G,C:C,T:T,A:A,G:G,A:A,T:T,G:G,A:A,A:A,G:G,C:C,T:T,A:A,T:T,C:C,G:G,A:A,C:C,T:T,C:C,G:G
ICMB 101853,A:A,T:T,G:G,T:T,A:A,T:T,T:T,T:T,A:A,G:C,C:C,C:C,G:G,G:G,G:G,G:G,A:A,G:A,A:G,C:C,T:T,C:C,T:T,T:T,T:T,A:A,C:C,T:T,T:T,A:A
ICMB 101867:10,G:G,C:C,G:G,A:T,A:A,C:C,C:C,G:G,A:A,C:C,T:T,C:C,G:G,A:A,G:G,A:A,A:A,A:A,G:G,G:G,C:C,C:C,A:A,T:T,G:G,A:A,C:C,T:T,T:T,A:A
ICMB 101867:11,G:G,C:C,G:G,A:A,A:A,C:C,C:C,G:G,A:A,C:C,T:T,C:C,G:G,A:A,G:G,A:A,A:A,G:A,A:G,G:G,C:C,C:C,A:A,T:T,G:G,A:A,C:C,T:T,T:T,A:A
ICMB 101867:12,G:G,C:C,G:G,T:T,A:A,C:C,C:C,G:G,A:A,C:C,T:T,C:C,G:G,A:A,G:G,A:A,A:A,G:A,A:G,G:G,C:C,C:C,A:A,T:T,G:G,A:A,C:C,T:T,T:T,A:A
ICMB 101867:13,G:G,C:C,G:G,A:A,A:A,C:C,C:C,G:G,A:A,C:C,T:T,C:C,G:G,A:A,G:G,A:A,A:A,G:A,A:G,G:G,C:C,C:C,A:A,T:T,G:G,A:A,C:C,T:T,T:T,A:A
ICMB 101867:14,G:G,C:C,G:G,A:T,A:A,C:C,C:C,G:G,A:A,C:C,T:T,C:C,G:G,A:A,G:G,A:A,A:A,A:A,G:G,G:G,C:C,C:C,A:A,T:T,G:G,A:A,C:C,T:T,T:T,A:A
ICMB 101867:7,G:G,C:C,G:G,A:T,A:A,C:C,C:C,G:G,A:A,C:C,T:T,C:C,G:G,A:A,G:G,A:A,A:A,G:A,A:G,G:G,C:C,C:C,A:A,T:T,G:G,A:A,C:C,T:T,T:T,A:A
ICMB 101867:8,G:G,C:C,G:G,A:T,A:A,C:C,C:C,G:G,A:A,C:C,T:T,C:C,G:G,A:A,G:G,A:A,A:A,A:A,G:G,G:G,C:C,C:C,A:A,T:T,G:G,A:A,C:C,T:T,T:T,A:A
ICMB 101867:9,G:G,C:C,G:G,A:A,A:A,C:C,C:C,G:G,A:A,C:C,T:T,C:C,G:G,A:A,G:G,A:A,A:A,A:A,G:G,G:G,C:C,C:C,A:A,T:T,G:G,A:A,C:C,T:T,T:T,A:A
ICMB 101879:1,A:A,C:C,G:G,A:A,G:G,C:C,T:T,G:G,A:A,G:G,C:C,A:A,G:G,A:A,T:T,G:G,A:A,A:A,A:A,C:C,T:T,A:A,A:A,T:T,T:T,C:C,G:G,T:T,C:C,G:G
ICMB 101879:2,A:A,C:C,G:G,A:A,G:G,C:C,T:T,G:G,A:A,G:G,C:C,A:A,G:G,A:A,T:T,G:G,A:A,A:A,A:A,C:C,C:C,A:A,A:A,T:T,T:T,C:C,G:G,T:T,C:C,?
ICMB 101879:3,A:A,C:C,G:G,A:A,G:G,C:C,T:T,G:G,A:A,G:G,C:C,A:A,G:G,A:A,T:T,G:G,A:A,A:A,A:A,C:C,C:C,A:A,A:A,T:T,T:T,C:C,G:G,T:T,C:C,A:G
ICMB 101879:4,A:A,C:C,G:G,A:A,G:G,C:C,T:T,G:G,A:A,G:G,C:C,A:A,G:G,A:A,T:T,G:G,A:A,A:A,A:A,C:C,C:C,A:A,A:A,T:T,T:T,C:C,G:G,T:T,C:C,G:G
ICMB 101879:5,A:A,C:C,G:G,A:A,G:G,C:C,T:T,G:G,A:A,G:G,C:C,A:A,G:G,A:A,T:T,G:G,A:A,A:A,A:A,C:C,T:T,A:A,A:A,T:T,T:T,C:C,G:G,T:T,C:C,G:G
ICMB 101879:6,A:A,C:C,G:G,A:A,G:G,C:C,T:T,G:G,A:A,G:G,C:C,A:A,G:G,A:A,T:T,G:G,A:A,A:A,A:A,C:C,T:T,A:A,A:A,T:T,T:T,C:C,G:G,T:T,C:C,G:G
ICMB 101879:7,A:A,C:C,G:G,A:A,G:G,C:C,T:T,G:G,A:A,G:G,C:C,A:A,G:G,A:A,T:T,G:G,A:A,A:A,A:A,C:C,T:T,A:A,A:A,T:T,T:T,C:C,G:G,T:T,C:C,G:G
ICMB 101879:8,A:A,C:C,G:G,A:A,G:G,C:C,T:T,G:G,A:A,G:G,C:C,A:A,G:G,A:A,T:T,G:G,A:A,A:A,A:A,C:C,T:T,A:A,A:A,T:T,T:T,C:C,G:G,T:T,C:C,G:G
ICMB 101881:10,A:A,T:T,A:A,A:A,G:G,T:T,T:T,T:T,G:G,G:G,T:T,A:A,A:A,G:G,T:T,G:G,A:A,A:A,G:G,C:C,T:T,C:C,T:T,C:C,G:G,A:A,C:C,C:C,T:T,A:A
ICMB 101881:11,A:A,T:T,A:A,A:A,G:G,T:T,T:T,T:T,G:G,G:G,T:T,A:A,A:A,G:G,T:T,G:G,A:A,A:A,G:G,C:C,T:T,C:C,T:T,C:C,G:G,A:A,C:C,C:C,T:T,A:A
ICMB 101881:12,A:A,T:T,A:A,A:A,G:G,T:T,T:T,T:T,G:G,G:G,T:T,A:A,A:A,G:G,T:T,G:G,A:A,A:A,G:G,C:C,T:T,C:C,T:T,C:C,G:G,A:A,C:C,C:C,T:T,A:A
ICMB 101881:13,A:A,T:T,A:A,A:A,G:G,T:T,T:T,T:T,G:G,G:G,T:T,A:A,A:A,G:G,T:T,G:G,A:A,A:A,G:G,C:C,T:T,C:C,T:T,C:C,G:G,A:A,C:C,C:C,T:T,A:A
ICMB 101881:14,A:A,T:T,A:A,A:A,G:G,T:T,T:T,T:T,G:G,G:G,T:T,A:A,A:A,G:G,T:T,G:G,A:A,A:A,G:G,C:C,T:T,C:C,T:T,C:C,G:G,A:A,C:C,C:C,T:T,A:A
ICMB 101881:15,A:A,T:T,A:A,A:A,G:G,T:T,T:T,T:T,G:G,G:G,T:T,A:A,A:A,G:G,T:T,G:G,A:A,A:A,G:G,C:C,T:T,C:C,T:T,C:C,G:G,A:A,C:C,C:C,T:T,A:A
ICMB 101881:16,A:A,T:T,A:A,A:A,G:G,T:T,T:T,T:T,G:G,G:G,T:T,A:A,A:A,G:G,T:T,G:G,A:A,A:A,G:G,C:C,T:T,C:C,T:T,C:C,G:G,A:A,C:C,C:C,T:T,A:A
ICMB 101881:9,A:A,T:T,A:A,A:A,G:G,T:T,T:T,T:T,G:G,G:G,T:T,A:A,A:A,G:G,T:T,G:G,A:A,A:A,G:G,C:C,T:T,C:C,T:T,C:C,G:G,A:A,C:C,C:C,T:T,A:A
ICMB 101888:1,G:G,T:T,A:A,A:A,G:G,C:C,T:T,G:G,A:A,C:C,C:T,C:C,A:A,G:G,G:G,G:G,A:A,A:A,G:G,C:C,T:T,C:C,A:A,C:C,G:G,A:A,C:C,T:T,C:C,A:A
ICMB 101888:2,G:G,T:T,A:A,A:A,G:G,C:C,T:T,G:G,A:A,C:C,C:T,C:C,A:G,G:G,G:G,G:G,A:A,A:A,G:G,C:C,T:T,C:C,A:A,C:C,G:G,A:A,C:C,T:T,C:C,A:A
ICMB 101888:3,G:G,T:T,A:A,A:A,G:G,C:C,T:T,G:G,A:A,C:C,C:T,C:C,A:A,G:G,G:G,G:G,A:A,A:A,G:G,C:C,T:T,C:C,A:A,C:C,G:G,A:A,C:C,T:T,C:C,A:A
ICMB 101888:4,G:G,T:T,A:A,A:A,G:G,C:C,T:T,G:G,A:A,C:C,C:C,C:C,G:G,G:G,G:G,G:G,A:A,A:A,G:G,C:C,T:T,C:C,A:A,C:C,G:G,A:A,C:C,T:T,C:C,A:A
ICMB 101888:5,G:G,T:T,A:A,A:A,G:G,C:C,T:T,G:G,A:A,C:C,C:C,C:C,G:G,G:G,G:G,G:G,A:A,A:A,G:G,C:C,T:T,C:C,A:A,C:C,G:G,A:A,C:C,T:T,C:C,A:A
ICMB 101888:6,G:G,T:T,A:A,A:A,G:G,C:C,T:T,G:G,A:A,C:C,C:C,C:C,G:G,G:G,G:G,G:G,A:A,A:A,G:G,C:C,T:T,C:C,A:A,C:C,G:G,A:A,C:C,T:T,C:C,A:A
ICMB 101888:7,G:G,T:T,A:A,A:A,G:G,C:C,T:T,G:G,A:A,C:C,C:T,C:C,A:G,G:G,G:G,G:G,A:A,A:A,G:G,C:C,T:T,C:C,A:A,C:C,G:G,A:A,C:C,T:T,C:C,A:A
ICMB 101888:8,G:G,T:T,A:A,A:A,G:G,C:C,T:T,G:G,A:A,C:C,C:T,C:C,A:G,G:G,G:G,G:G,A:A,A:A,G:G,C:C,T:T,C:C,A:A,C:C,G:G,A:A,C:C,T:T,C:C,A:A
ICMB 101900:1,G:G,C:C,G:G,T:T,G:G,C:C,C:C,T:G,A:A,G:G,C:C,A:A,G:G,A:A,G:G,G:G,A:A,G:G,G:G,C:C,T:T,C:C,A:A,T:T,T:T,A:A,C:C,T:T,T:T,A:A
ICMB 101901:1,G:G,C:C,G:G,A:A,A:A,T:T,T:T,G:G,G:G,G:G,T:T,A:A,G:G,G:G,T:T,A:A,A:A,A:A,A:A,C:C,C:C,C:C,T:T,C:C,G:G,A:A,C:C,C:C,C:C,G:G
ICMB 101901:2,G:G,C:C,G:G,A:A,A:A,T:T,T:T,G:G,G:G,G:G,T:T,A:A,G:G,G:G,T:T,A:A,A:A,A:A,A:A,C:C,C:C,C:C,T:T,C:C,G:G,A:A,C:C,C:C,C:C,G:G
ICMB 101901:3,G:G,C:C,G:G,A:A,A:A,T:T,T:T,G:G,G:G,G:G,T:T,A:A,G:G,G:G,T:T,A:A,A:A,A:A,A:A,C:C,C:C,C:C,T:T,C:C,G:G,A:A,C:C,C:C,C:C,G:G
ICMB 101901:4,G:G,C:C,G:G,A:A,A:A,T:T,T:T,G:G,G:G,G:G,T:T,A:A,G:G,G:G,T:T,A:A,A:A,A:A,A:A,C:C,C:C,C:C,T:T,C:C,G:G,A:A,C:C,C:C,C:C,G:G
ICMB 101901:5,G:G,C:C,G:G,A:A,A:A,T:T,T:T,G:G,G:G,G:G,T:T,A:A,G:G,G:G,T:T,A:A,A:A,A:A,A:A,C:C,C:C,C:C,T:T,C:C,G:G,A:A,C:C,C:C,C:C,G:G
ICMB 101901:6,G:G,C:C,G:G,A:A,A:A,T:T,T:T,G:G,G:G,G:G,T:T,A:A,G:G,G:G,T:T,A:A,A:A,A:A,A:A,C:C,C:C,C:C,T:T,C:C,G:G,A:A,C:C,C:C,C:C,G:G
ICMB 101901:7,G:G,C:C,G:G,A:A,A:A,T:T,T:T,G:G,G:G,G:G,T:T,A:A,G:G,G:G,T:T,A:A,A:A,A:A,A:A,C:C,C:C,C:C,T:T,C:C,G:G,A:A,C:C,C:C,C:C,G:G
ICMB 101901:8,G:G,C:C,G:G,A:A,A:A,T:T,T:T,G:G,G:G,G:G,T:T,A:A,G:G,G:G,T:T,A:A,A:A,A:A,A:A,C:C,C:C,C:C,T:T,C:C,G:G,A:A,C:C,C:C,C:C,G:G
ICMB 101903:1,G:G,T:T,A:A,T:T,G:G,T:T,T:T,T:G,A:A,C:C,C:C,A:A,G:G,G:G,G:G,G:G,A:A,A:A,A:A,C:C,T:T,C:C,T:T,C:C,G:G,A:A,C:C,C:C,T:T,A:A
ICMB 101903:2,G:G,T:T,A:A,T:T,G:G,T:T,T:T,T:G,A:A,C:C,C:C,A:A,G:G,G:G,G:G,G:G,A:A,A:A,A:A,C:C,T:T,C:C,T:T,C:C,G:G,A:A,C:C,C:C,T:T,A:A
ICMB 101903:3,G:G,T:T,A:A,T:T,G:G,T:T,T:T,T:G,A:A,C:C,C:C,A:A,G:G,G:G,G:G,G:G,A:A,A:A,A:A,C:C,T:T,C:C,T:T,C:C,G:G,A:A,C:C,C:C,T:T,A:A
ICMB 101903:4,G:G,T:T,A:A,T:T,G:G,T:T,T:T,T:G,A:A,C:C,C:C,A:A,G:G,G:G,G:G,G:G,A:A,A:A,A:A,C:C,T:T,C:C,T:T,C:C,G:G,A:A,C:C,C:C,T:T,A:A
ICMB 101903:5,G:G,T:T,A:A,T:T,G:G,T:T,T:T,T:G,A:A,C:C,C:C,A:A,G:G,G:G,G:G,G:G,A:A,A:A,A:A,C:C,C:T,C:C,T:T,C:C,G:G,A:A,C:C,C:C,T:T,A:A
ICMB 101903:6,G:G,T:T,A:A,T:T,G:G,T:T,T:T,T:G,A:A,C:C,C:C,A:A,G:G,G:G,G:G,G:G,A:A,A:A,A:A,C:C,T:T,C:C,T:T,C:C,G:G,A:A,C:C,C:C,T:T,A:A
ICMB 101903:7,G:G,T:T,A:A,T:T,G:G,T:T,T:T,T:G,A:A,C:C,C:C,A:A,G:G,G:G,G:G,G:G,A:A,A:A,A:A,C:C,T:T,C:C,T:T,C:C,G:G,A:A,C:C,C:C,T:T,A:A
ICMB 101903:8,G:G,T:T,A:A,T:T,G:G,T:T,T:T,T:G,A:A,C:C,C:C,A:A,G:G,G:G,G:G,G:G,A:A,A:A,A:A,C:C,T:T,C:C,T:T,C:C,G:G,A:A,C:C,C:C,T:T,A:A
ICMB 101904:1,G:G,C:C,G:G,T:T,A:A,T:T,T:T,T:T,A:A,C:C,T:T,A:A,A:A,G:G,T:T,G:G,A:A,A:A,A:A,G:G,C:C,C:C,T:T,C:C,G:G,A:A,C:C,C:C,C:C,G:G
ICMB 101904:2,G:G,C:C,G:G,A:T,A:G,T:T,T:T,T:T,A:A,C:C,T:T,A:A,A:A,G:G,T:T,G:G,A:A,A:A,A:A,G:G,C:C,A:C,T:T,C:C,G:G,A:A,C:C,C:C,C:C,G:G
ICMB 101904:3,G:G,C:C,G:G,T:T,A:A,T:T,T:T,T:T,A:A,C:C,T:T,A:A,A:A,G:G,T:T,G:G,A:A,A:A,A:A,G:G,C:C,C:C,T:T,C:C,G:G,A:A,C:C,C:C,C:C,G:G
ICMB 101904:4,G:G,C:C,G:G,T:T,A:A,T:T,T:T,T:T,A:A,C:C,T:T,A:A,A:A,G:G,T:T,G:G,A:A,A:A,A:A,G:G,C:C,C:C,T:T,C:C,G:G,A:A,C:C,C:C,C:C,G:G
ICMB 101904:5,G:G,C:C,G:G,T:T,A:A,T:T,T:T,T:T,A:A,C:C,T:T,A:A,A:A,G:G,T:T,G:G,A:A,A:A,A:A,G:G,C:C,C:C,T:T,C:C,G:G,A:A,C:C,C:C,C:C,G:G
ICMB 101904:6,G:G,C:C,G:A,A:T,A:A,T:T,C:T,T:G,A:A,C:C,T:T,A:A,A:G,G:G,T:G,G:G,A:A,A:A,A:A,G:C,C:C,C:C,T:T,C:C,G:G,A:A,C:C,C:T,T:C,G:G
ICMB 101904:7,G:G,C:C,G:G,T:T,A:A,T:T,T:T,T:T,A:A,C:C,T:T,A:A,A:A,G:G,T:T,G:G,A:A,A:A,A:A,G:G,C:C,C:C,T:T,C:C,G:G,A:A,C:C,C:C,C:C,G:G
ICMB 101904:8,G:G,C:C,G:G,T:T,A:A,T:T,T:T,T:T,A:A,C:C,T:T,A:A,A:A,G:G,T:T,G:G,A:A,A:A,A:A,G:G,C:C,C:C,T:T,C:C,G:G,A:A,C:C,C:C,C:C,G:G
ICMB 101905:1,G:G,T:T,G:G,T:T,G:G,T:T,T:T,G:G,A:A,G:G,T:T,A:A,G:G,A:A,G:G,G:G,A:A,A:A,G:G,G:G,T:T,C:C,T:T,C:C,G:G,A:A,C:C,C:C,C:C,G:G
ICMB 101905:2,G:G,T:T,G:G,T:T,G:G,T:T,T:T,G:G,A:A,G:G,T:T,A:A,G:G,A:A,G:G,G:G,A:A,A:A,G:G,G:G,T:T,C:C,T:T,C:C,G:G,A:A,C:C,C:C,C:C,G:G
ICMB 101905:3,G:G,T:T,G:G,T:T,G:G,T:T,T:T,G:G,A:A,G:G,T:T,A:A,G:G,A:A,G:G,G:G,A:A,A:A,G:G,G:G,T:T,C:C,T:T,C:C,G:G,A:A,C:C,C:C,C:C,G:G
ICMB 101905:4,G:G,T:T,G:G,T:T,G:G,T:T,T:T,G:G,A:A,G:G,T:T,A:A,G:G,A:A,G:G,G:G,A:A,A:A,G:G,G:G,T:T,C:C,T:T,C:C,G:G,A:A,C:C,C:C,C:C,A:G
ICMB 101905:5,G:G,T:T,G:G,T:T,G:G,T:T,T:T,G:G,A:A,G:G,T:T,A:A,G:G,A:A,G:G,G:G,A:A,A:A,G:G,G:G,T:T,C:C,T:T,C:C,G:G,A:A,C:C,C:C,C:C,G:G
ICMB 101905:6,G:G,T:T,G:G,T:T,G:G,T:T,T:T,G:G,A:A,G:G,T:T,A:A,G:G,A:A,G:G,G:G,A:A,A:A,G:G,G:G,T:T,C:C,T:T,C:C,G:G,A:A,C:C,C:C,C:C,G:G
ICMB 101905:7,G:G,T:T,?,T:T,G:G,T:T,T:T,G:G,A:A,G:G,T:T,A:A,G:G,A:A,G:G,G:G,A:A,A:A,G:G,G:G,T:T,C:C,T:T,C:C,T:T,A:A,C:C,C:C,C:C,A:A
ICMB 101905:8,G:G,T:T,G:G,T:T,G:G,T:T,T:T,G:G,A:A,G:G,T:T,A:A,G:G,A:A,T:T,G:G,A:A,A:A,G:G,G:G,T:T,C:C,T:T,C:C,G:G,A:A,C:C,C:C,C:C,G:G
ICMB 101922,G:G,C:C,G:G,T:T,G:G,T:T,T:T,G:G,G:A,C:C,T:T,A:A,G:G,G:A,G:G,G:G,A:A,A:A,A:A,C:C,C:C,C:C,T:T,C:C,G:G,A:A,C:C,C:C,T:C,G:G
ICMB 101932,G:G,T:T,G:G,T:T,G:G,C:C,T:T,T:G,A:A,G:G,T:T,A:A,G:G,A:A,G:G,G:G,A:A,A:A,A:A,G:G,T:T,C:C,T:T,C:C,G:G,A:A,C:C,T:T,C:C,G:G
ICMB 101950:1,G:G,C:C,A:A,A:A,A:A,T:T,T:T,G:G,A:A,G:G,T:T,A:A,G:G,A:A,T:T,G:G,A:A,A:A,G:G,C:C,T:T,C:C,T:T,C:C,G:G,A:A,C:C,T:T,C:C,G:G
ICMB 101950:2,G:G,C:C,A:A,A:A,A:A,T:T,T:T,G:G,A:A,G:G,T:T,A:A,G:G,A:A,T:T,G:G,A:A,A:A,G:G,C:C,T:T,C:C,T:T,C:C,G:G,A:A,C:C,C:T,C:C,G:G
ICMB 101950:3,G:G,C:C,A:A,A:A,A:A,T:T,T:T,G:G,A:A,G:G,T:T,A:A,G:G,A:A,T:T,G:G,A:A,A:A,G:G,C:C,T:T,C:C,T:T,C:C,G:G,A:A,C:C,C:T,C:C,G:G
ICMB 101950:4,G:G,C:C,A:A,A:A,A:A,T:T,T:T,G:G,A:A,G:G,T:T,A:A,G:G,A:A,T:T,G:G,A:A,A:A,G:G,C:C,T:T,C:C,T:T,C:C,G:G,A:A,C:C,C:T,C:C,G:G
ICMB 101950:5,G:G,C:C,A:A,A:A,A:A,T:T,T:T,G:G,A:A,G:G,T:T,A:A,G:G,A:A,T:T,G:G,A:A,A:A,G:G,C:C,C:T,C:C,T:T,C:C,G:G,A:A,C:C,C:C,C:C,G:G
ICMB 101950:6,G:G,C:C,A:A,A:A,A:A,T:T,T:T,G:G,A:A,G:G,T:T,A:A,G:G,A:A,T:T,G:G,A:A,A:A,G:G,C:C,T:T,C:C,T:T,C:C,G:G,A:A,C:C,C:T,C:C,G:G
ICMB 101950:7,G:G,C:C,A:A,A:A,A:A,T:T,T:T,G:G,A:A,G:G,T:T,A:A,G:G,A:A,T:T,G:G,A:A,A:A,G:G,C:C,T:T,C:C,T:T,C:C,G:G,A:A,C:C,C:T,C:C,G:G
ICMB 101950:8,G:G,C:C,A:A,A:A,A:A,T:T,T:T,G:G,A:A,G:G,T:T,A:A,G:G,A:A,T:T,G:G,A:A,A:A,G:G,C:C,T:T,C:C,T:T,C:C,G:G,A:A,C:C,T:T,C:C,G:G
ICMB 101951:1,G:G,C:C,G:G,A:A,A:A,C:C,C:C,G:G,A:A,G:G,T:T,A:A,G:G,A:A,T:G,A:A,A:A,A:A,G:G,C:C,T:T,C:C,A:T,T:T,G:G,A:A,C:C,T:T,T:T,A:A
ICMB 101951:2,G:A,C:C,G:G,A:A,A:A,C:C,C:C,G:G,A:A,G:G,T:T,A:A,G:G,A:A,G:G,A:A,A:A,A:A,G:G,C:C,T:T,A:A,T:T,C:C,G:G,A:A,C:C,T:T,T:T,A:A
ICMB 101951:3,A:A,T:C,G:A,A:A,A:A,T:T,C:T,G:G,A:A,G:G,T:T,A:A,G:G,A:A,T:T,A:A,A:A,A:A,G:G,C:C,T:T,A:A,A:A,T:T,G:G,A:A,C:C,T:T,T:T,A:A
ICMB 101951:4,G:G,C:C,G:G,A:A,A:A,C:C,C:C,G:G,A:A,G:G,T:T,A:A,G:G,A:A,G:G,A:A,A:A,A:A,G:G,C:C,T:T,C:C,T:T,C:T,G:G,A:A,C:C,T:T,T:T,A:A
ICMB 101951:5,G:A,C:C,G:G,A:A,A:A,C:C,C:C,G:G,A:A,G:G,T:T,A:A,G:G,A:A,T:G,A:A,A:A,A:A,G:G,C:C,T:T,C:C,A:T,T:T,G:G,A:A,C:C,T:T,T:T,A:A
ICMB 101951:6,G:A,C:C,G:G,A:A,A:A,C:C,C:C,G:G,A:A,G:G,T:T,A:A,G:G,A:A,G:G,A:A,A:A,A:A,G:G,C:C,T:T,A:C,A:T,C:C,G:G,A:A,C:C,T:T,T:T,A:A
ICMB 101951:7,G:A,C:C,G:G,A:A,A:A,C:C,C:C,G:G,A:A,G:G,T:T,A:A,G:G,A:A,G:G,A:A,A:A,A:A,G:G,C:C,T:T,A:C,A:T,C:T,G:G,A:A,C:C,T:T,T:T,A:A
ICMB 101951:8,G:A,C:C,G:G,A:A,A:A,C:C,C:C,G:G,A:A,G:G,T:T,A:A,G:G,A:A,G:G,A:A,A:A,A:A,G:G,C:C,T:T,A:A,A:T,C:T,G:G,A:A,C:C,T:T,T:T,A:A
ICMB 101952:1,A:A,C:C,A:A,T:T,G:G,T:T,T:T,T:G,A:A,C:C,T:T,A:A,A:A,A:A,G:G,A:A,A:A,G:G,G:G,G:G,C:C,C:C,T:T,C:C,G:G,A:A,C:C,C:C,T:T,G:G
ICMB 101952:2,A:A,C:C,A:A,T:T,G:G,T:T,T:T,T:G,A:A,C:C,T:T,A:A,A:A,A:A,G:G,A:A,A:A,G:G,G:G,G:G,C:C,C:C,T:T,C:C,G:G,A:A,C:C,C:C,T:T,G:G
ICMB 101952:3,A:A,C:C,A:A,T:T,G:G,T:T,T:T,T:G,A:A,C:C,T:T,A:A,A:A,A:A,G:G,A:A,A:A,G:G,G:G,G:G,C:C,C:C,T:T,C:C,G:G,A:A,C:C,C:C,T:T,G:G
ICMB 101952:4,A:A,C:C,A:A,T:T,G:G,T:T,T:T,T:G,A:A,C:C,T:T,A:A,A:A,A:A,G:G,A:A,A:A,G:G,G:G,G:G,C:C,C:C,T:T,C:C,G:G,A:A,C:C,C:C,T:T,G:G
ICMB 101952:5,A:A,C:C,A:A,T:T,G:G,T:T,T:T,T:G,A:A,C:C,T:T,A:A,A:A,A:A,G:G,A:A,A:A,G:G,G:G,G:G,C:C,C:C,T:T,C:C,G:G,A:A,C:C,C:C,T:T,G:G
ICMB 101952:6,A:A,C:C,A:A,T:T,G:G,T:T,T:T,T:G,A:A,C:C,T:T,A:A,A:A,A:A,G:G,A:A,A:A,G:G,G:G,G:G,C:C,C:C,T:T,C:C,G:G,A:A,C:C,C:C,T:T,G:G
ICMB 101952:7,A:A,C:C,A:A,T:T,G:G,T:T,T:T,T:G,A:A,C:C,T:T,A:A,A:A,A:A,G:G,A:A,A:A,G:G,G:G,G:G,C:C,C:C,T:T,C:C,G:G,A:A,C:C,C:C,T:T,G:G
ICMB 101952:8,A:A,C:C,A:A,T:T,G:G,T:T,T:T,T:G,A:A,C:C,T:T,A:A,A:A,A:A,G:G,A:A,A:A,G:G,G:G,G:G,C:C,C:C,T:T,C:C,G:G,A:A,C:C,C:C,T:T,G:G
ICMB 101953:1,A:A,T:T,G:G,T:T,G:G,T:T,T:T,T:G,A:A,G:G,T:T,A:A,A:A,G:G,G:G,G:G,A:A,G:G,G:G,G:G,C:C,C:C,T:T,C:C,G:G,A:A,C:C,C:C,T:T,A:A
ICMB 101953:2,A:A,T:T,A:A,T:T,G:G,T:T,T:T,T:G,A:A,G:G,T:T,A:A,A:A,G:G,G:G,G:G,A:A,G:G,G:G,G:G,C:C,C:C,T:T,C:C,G:G,A:A,C:C,C:C,T:T,A:A
ICMB 101953:3,A:A,T:T,G:A,T:T,G:G,T:T,T:T,T:G,A:A,G:G,T:T,A:A,A:A,G:G,G:G,G:G,A:A,G:G,G:G,G:G,C:C,C:C,T:T,C:C,G:G,A:A,C:C,C:C,T:T,A:A
ICMB 101953:4,A:A,T:T,G:G,T:T,G:G,T:T,T:T,T:G,A:A,G:G,T:T,A:A,A:A,G:G,G:G,G:G,A:A,G:G,G:G,G:G,C:C,C:C,T:T,C:C,G:G,A:A,C:C,C:C,T:T,A:A
ICMB 101953:5,A:A,T:T,G:G,T:T,G:G,T:T,T:T,T:G,A:A,G:G,T:T,A:A,A:A,G:G,G:G,G:G,A:A,G:G,G:G,G:G,C:C,C:C,T:T,C:C,G:G,A:A,C:C,C:C,T:T,A:A
ICMB 101953:6,A:A,T:T,G:A,T:T,G:G,T:T,T:T,T:G,A:A,G:G,T:T,A:A,A:A,G:G,G:G,G:G,A:A,G:G,G:G,G:G,C:C,C:C,T:T,C:C,G:G,A:A,C:C,C:C,T:T,A:A
ICMB 101953:7,A:A,T:T,G:A,T:T,G:G,T:T,T:T,T:G,A:A,G:G,T:T,A:A,A:A,G:G,G:G,G:G,A:A,G:G,G:G,G:G,C:C,C:C,T:T,C:C,G:G,A:A,C:C,C:C,T:T,A:A
ICMB 101953:8,A:A,T:T,G:G,T:T,G:G,T:T,T:T,T:G,A:A,G:G,T:T,A:A,A:A,G:G,G:G,G:G,A:A,G:G,G:G,G:G,C:C,C:C,T:T,C:C,G:G,A:A,C:C,C:C,T:T,A:A
ICMB 101954:1,G:G,C:C,A:A,T:T,A:A,T:T,T:T,G:G,A:A,C:C,T:T,A:A,A:A,A:A,T:T,G:G,A:A,A:A,G:G,C:C,T:T,C:C,T:T,C:C,G:G,A:A,C:C,T:T,C:C,G:G
ICMB 101954:2,G:G,C:C,A:A,T:T,A:A,T:T,T:T,G:G,A:A,C:C,T:T,A:A,A:A,A:A,T:T,G:G,A:A,A:A,G:G,C:C,T:T,C:C,T:T,C:C,G:G,A:A,C:C,T:T,C:C,?
ICMB 101954:3,G:G,C:C,A:A,T:T,A:A,T:T,T:T,G:G,A:A,C:C,T:T,A:A,A:A,A:A,T:T,G:G,A:A,A:A,G:G,C:C,T:T,C:C,T:T,C:C,G:G,A:A,C:C,T:T,C:C,G:G
ICMB 101954:4,G:G,C:C,A:A,T:T,A:A,T:T,T:T,G:G,A:A,C:C,T:T,A:A,A:A,A:A,T:T,G:G,A:A,A:A,G:G,C:C,T:T,C:C,T:T,C:C,G:G,A:A,C:C,T:T,C:C,G:G
ICMB 101954:5,G:G,C:C,A:A,T:T,A:A,T:T,T:T,G:G,A:A,C:C,T:T,A:A,A:A,A:A,T:T,G:G,A:A,A:A,G:G,C:C,T:T,C:C,T:T,C:C,G:G,A:A,C:C,T:T,C:C,G:G
ICMB 101954:6,G:G,C:C,A:A,T:T,A:A,T:T,T:T,G:G,A:A,C:C,T:T,A:A,A:A,A:A,T:T,G:G,A:A,A:A,G:G,C:C,C:T,C:C,T:T,C:C,G:G,A:A,C:C,T:T,C:C,G:G
ICMB 101954:7,G:G,C:C,A:A,T:T,A:A,T:T,T:T,G:G,A:A,C:C,T:T,A:A,A:A,A:A,T:T,G:G,A:A,A:A,G:G,C:C,T:T,C:C,T:T,C:C,G:G,A:A,C:C,T:T,C:C,G:G
ICMB 101954:8,G:G,C:C,A:A,T:T,A:A,T:T,T:T,G:G,A:A,C:C,T:T,A:A,A:A,A:A,T:T,G:G,A:A,A:A,G:G,C:C,T:T,C:C,T:T,C:C,G:G,A:A,C:C,T:T,C:C,G:G
ICMB 101955:1,G:G,T:T,G:G,Uncallable,A:A,T:T,Uncallable,G:G,A:A,C:C,Uncallable,A:A,A:A,A:A,T:T,G:G,A:A,G:A,G:G,C:C,T:T,C:C,T:T,C:C,G:G,A:A,C:C,C:C,C:C,G:G
ICMB 101955:2,G:G,T:T,G:G,T:T,A:A,T:T,T:T,G:G,A:A,G:G,T:T,A:A,A:A,A:A,T:T,G:G,A:A,G:A,G:G,G:C,T:T,C:C,T:T,C:C,G:G,A:A,C:C,C:C,C:C,G:G
ICMB 101955:3,G:G,T:T,G:G,T:T,A:A,T:T,T:T,G:G,A:A,G:G,T:T,A:A,A:A,A:A,T:T,G:G,A:A,A:A,G:G,C:C,T:T,C:C,T:T,C:C,G:G,A:A,C:C,C:C,C:C,G:G
ICMB 101955:4,G:G,T:T,G:G,T:T,A:A,T:T,T:T,G:G,A:A,G:G,T:T,A:A,A:A,A:A,T:T,G:G,A:A,G:A,G:G,G:G,T:T,C:C,T:T,C:C,G:G,A:A,C:C,C:C,C:C,G:G
ICMB 101955:5,G:G,T:T,G:G,T:T,A:A,T:T,T:T,G:G,A:A,G:G,T:T,A:A,A:A,A:A,T:T,G:G,A:A,G:A,G:G,G:C,T:T,C:C,T:T,C:C,G:G,A:A,C:C,C:C,C:C,G:G
ICMB 101955:6,G:G,T:T,G:G,T:T,A:A,T:T,T:T,G:G,A:A,G:G,T:T,A:A,A:A,A:A,T:T,G:G,A:A,A:A,G:G,G:G,T:T,C:C,T:T,C:C,G:G,A:A,C:C,C:C,C:C,G:G
ICMB 101955:7,G:G,T:T,G:G,T:T,A:A,T:T,T:T,G:G,A:A,G:G,T:T,A:A,A:A,A:A,T:T,G:G,A:A,A:A,G:G,G:G,T:T,C:C,T:T,C:C,G:G,A:A,C:C,C:C,C:C,G:G
ICMB 101955:8,G:G,T:T,G:G,T:T,A:A,T:T,T:T,G:G,A:A,G:G,T:T,A:A,A:A,A:A,T:T,G:G,A:A,A:A,G:G,C:C,T:T,C:C,T:T,C:C,G:G,A:A,C:C,C:C,C:C,G:G
ICMB 101956:1,G:G,T:T,A:A,T:T,G:G,T:T,T:T,G:G,A:A,C:C,C:C,A:A,G:G,G:G,T:T,A:A,A:A,A:A,A:A,C:C,T:T,C:C,T:T,C:C,G:G,A:A,C:C,T:T,C:C,G:G
ICMB 101956:2,G:G,T:T,A:A,T:T,G:G,T:T,T:T,G:G,A:A,C:C,C:C,A:A,G:G,G:G,T:T,A:A,A:A,A:A,A:A,C:C,T:T,C:C,T:T,C:C,G:G,A:A,C:C,T:T,C:C,G:G
ICMB 101956:3,G:G,T:T,A:A,T:T,G:G,T:T,T:T,G:G,A:A,C:C,C:C,A:A,G:G,G:G,T:T,A:A,A:A,A:A,A:A,C:C,T:T,C:C,T:T,C:C,G:G,A:A,C:C,T:T,C:C,G:G
ICMB 101956:4,G:G,T:T,A:A,T:T,G:G,T:T,T:T,G:G,A:A,C:C,C:C,A:A,G:G,G:G,T:T,A:A,A:A,A:A,A:A,C:C,T:T,C:C,T:T,C:C,G:G,A:A,C:C,T:T,C:C,G:G
ICMB 101956:5,G:G,T:T,A:A,T:T,G:G,T:T,T:T,G:G,A:A,C:C,C:C,A:A,G:G,G:G,T:T,A:A,A:A,A:A,A:A,C:C,T:T,C:C,T:T,C:C,G:G,A:A,C:C,T:T,C:C,G:G
ICMB 101956:6,G:G,T:T,A:A,T:T,G:G,T:T,T:T,G:G,A:A,C:C,C:C,A:A,G:G,G:G,T:T,A:A,A:A,A:A,A:A,C:C,T:T,C:C,T:T,C:C,G:G,A:A,C:C,T:T,C:C,G:G
ICMB 101956:7,G:G,T:T,A:A,T:T,G:G,T:T,T:T,G:G,A:A,C:C,C:C,A:A,G:G,G:G,T:T,A:A,A:A,A:A,A:A,C:C,T:T,C:C,T:T,C:C,G:G,A:A,C:C,T:T,C:C,G:G
ICMB 101956:8,G:G,T:T,A:A,T:T,G:G,T:T,T:T,G:G,A:A,C:C,C:C,A:A,G:G,G:G,T:T,A:A,A:A,A:A,A:A,C:C,T:T,C:C,T:T,C:C,G:G,A:A,C:C,T:T,C:C,G:G
ICMB 101957:1,G:G,C:C,G:G,A:A,A:A,C:C,C:C,G:G,G:A,G:G,C:T,C:A,G:G,A:A,G:G,G:G,A:A,G:G,A:A,G:G,C:C,A:A,A:A,T:T,G:G,A:A,C:C,T:T,T:T,A:A
ICMB 101957:2,G:G,C:C,G:G,A:A,A:A,C:C,C:C,G:G,G:A,G:G,C:T,C:A,G:G,A:A,G:G,G:G,A:A,G:G,A:A,G:G,C:C,A:A,A:A,T:T,G:G,A:A,C:C,T:T,T:T,A:A
ICMB 101957:3,G:G,C:C,A:A,A:A,A:A,C:C,C:C,G:G,G:G,C:C,C:C,A:A,G:G,A:A,G:G,G:G,A:A,G:G,A:A,G:G,C:C,A:A,A:A,T:T,G:G,A:A,C:C,T:T,T:T,A:A
ICMB 101957:4,G:G,C:C,A:A,A:A,A:A,C:C,C:C,G:G,G:G,C:C,C:C,A:A,G:G,A:A,G:G,G:G,A:A,G:G,A:A,G:G,C:C,A:A,A:A,T:T,G:G,A:A,C:C,T:T,T:T,A:A
ICMB 101957:5,G:G,C:C,G:A,A:A,A:A,C:C,C:C,G:G,G:G,C:C,C:C,A:A,G:G,A:A,G:G,G:G,A:A,G:G,A:A,G:G,C:C,A:A,A:A,T:T,G:G,A:A,C:C,T:T,T:T,A:A
ICMB 101957:6,G:G,C:C,G:G,A:A,A:A,C:C,C:C,G:G,G:A,G:G,C:C,A:A,G:G,A:A,G:G,G:G,A:A,G:G,A:A,G:G,C:C,A:A,A:A,T:T,G:G,A:A,C:C,T:T,T:T,A:A
ICMB 101957:7,G:G,C:C,A:A,A:A,A:A,C:C,C:C,G:G,G:G,C:C,C:C,A:A,G:G,A:A,G:G,G:G,A:A,G:G,A:A,G:G,C:C,A:A,A:A,T:T,G:G,A:A,C:C,T:T,T:T,A:A
ICMB 101957:8,G:G,C:C,G:A,A:A,A:A,C:C,C:C,G:G,G:G,C:C,C:C,A:A,G:G,A:A,G:G,G:G,A:A,G:G,A:A,G:G,C:C,A:A,A:A,T:T,G:G,A:A,C:C,T:T,T:T,A:A
ICMB 101958:1,A:A,T:T,A:A,A:A,A:A,T:T,T:T,T:G,A:A,G:G,T:T,A:A,A:A,G:G,T:T,G:G,A:A,A:A,G:G,C:C,C:T,C:C,T:T,C:C,G:G,A:A,C:C,C:C,T:T,A:A
ICMB 101958:2,A:A,T:T,A:A,A:A,A:A,T:T,T:T,T:G,A:A,G:G,T:T,A:A,A:A,G:G,T:T,G:G,A:A,A:A,G:G,C:C,C:T,C:C,T:T,C:C,G:G,A:A,C:C,C:C,T:T,A:A
ICMB 101958:3,A:A,T:T,A:A,A:A,A:A,T:T,T:T,T:G,A:A,G:G,T:T,A:A,A:A,G:G,T:T,G:G,A:A,A:A,G:G,C:C,T:T,C:C,T:T,C:C,G:G,A:A,C:C,C:C,T:T,A:A
ICMB 101958:4,A:A,T:T,A:A,A:A,A:A,T:T,T:T,T:G,A:A,G:G,T:T,A:A,A:A,G:G,T:T,G:G,A:A,A:A,G:G,C:C,T:T,C:C,T:T,C:C,G:G,A:A,C:C,C:C,T:T,A:A
ICMB 101958:5,A:A,T:T,A:A,A:A,A:A,T:T,T:T,T:G,A:A,G:G,T:T,A:A,A:A,G:G,T:T,G:G,A:A,A:A,G:G,C:C,T:T,C:C,T:T,C:C,G:G,A:A,C:C,C:C,T:T,A:A
ICMB 101958:6,A:A,T:T,A:A,A:A,A:A,T:T,T:T,T:G,A:A,G:G,T:T,A:A,A:A,G:G,T:T,G:G,A:A,A:A,G:G,C:C,T:T,C:C,T:T,C:C,G:G,A:A,C:C,C:C,T:T,A:A
ICMB 101958:7,A:A,T:T,A:A,A:A,A:A,T:T,T:T,T:G,A:A,G:G,T:T,A:A,A:A,G:G,T:T,G:G,A:A,A:A,G:G,C:C,T:T,C:C,T:T,C:C,G:G,A:A,C:C,C:C,T:T,A:A
ICMB 101958:8,A:A,T:T,A:A,A:A,A:A,T:T,T:T,T:G,A:A,G:G,T:T,A:A,A:A,G:G,T:T,G:G,A:A,A:A,G:G,C:C,T:T,C:C,T:T,C:C,G:G,A:A,C:C,C:C,T:T,A:A
ICMB 101959:1,G:G,T:T,Uncallable,A:A,A:A,C:T,C:C,T:G,G:A,G:G,C:C,A:A,A:G,Uncallable,G:G,A:G,A:A,G:A,A:G,C:C,T:T,A:C,Uncallable,C:T,G:T,Uncallable,G:C,T:T,T:C,Uncallable
ICMB 101959:2,G:G,C:C,G:G,A:A,A:A,T:T,C:C,T:G,G:A,G:G,C:C,A:A,G:G,A:A,G:G,G:G,A:A,G:G,A:G,C:C,T:T,C:C,A:A,T:T,G:T,A:A,G:C,T:T,C:C,G:G
ICMB 101959:3,G:G,C:C,G:G,A:A,A:A,T:T,C:C,T:G,A:A,G:G,C:C,A:A,G:G,A:A,G:G,G:G,A:A,G:G,G:G,C:C,T:T,C:C,A:A,T:T,T:T,A:A,G:G,T:T,T:C,A:G
ICMB 101959:4,G:G,C:C,G:G,A:A,A:A,C:T,C:C,T:G,G:A,G:G,C:C,A:A,G:G,A:A,G:G,G:G,A:A,G:G,A:A,C:C,T:T,C:C,A:A,T:T,G:G,A:A,C:C,T:T,T:C,Uncallable
ICMB 101959:5,G:G,C:C,G:G,A:A,A:A,C:C,C:C,T:G,G:A,G:G,C:C,A:A,G:G,A:A,G:G,G:G,A:A,G:G,A:A,C:C,T:T,C:C,A:A,T:T,G:G,A:A,C:C,T:T,T:C,A:G
ICMB 101959:6,G:G,C:C,G:G,A:A,A:A,T:T,C:C,T:G,A:A,G:G,C:C,A:A,G:G,A:A,G:G,A:G,A:A,G:G,G:G,C:C,T:T,C:C,A:A,T:T,G:G,A:A,C:C,T:T,T:T,A:A
ICMB 101959:7,G:G,C:C,G:G,A:A,A:A,T:T,C:C,T:G,G:A,G:G,C:C,A:A,G:G,A:A,G:G,G:G,A:A,G:G,A:G,C:C,T:T,C:C,A:A,T:T,G:G,A:A,C:C,T:T,C:C,G:G
ICMB 101959:8,G:G,C:C,G:G,A:A,A:A,C:T,C:C,T:G,G:A,G:G,C:C,A:A,G:G,A:A,G:G,G:G,A:A,G:G,A:G,C:C,T:T,C:C,A:A,T:T,G:T,A:A,G:C,T:T,T:T,A:A
ICMB 101960:1,G:G,T:T,G:G,A:A,G:G,C:C,C:C,T:G,G:G,C:C,C:C,A:A,G:G,A:A,T:T,G:G,A:A,G:G,A:A,C:C,T:T,A:A,T:T,T:T,T:T,A:A,G:G,C:C,C:C,A:A
ICMB 101960:2,G:G,T:T,G:G,A:A,G:G,C:C,C:C,T:G,G:G,C:C,C:C,A:A,G:G,A:A,T:T,G:G,A:A,G:G,A:A,C:C,T:T,A:A,T:T,T:T,T:T,A:A,G:G,C:C,C:C,A:A
ICMB 101960:3,G:G,T:T,G:G,A:A,G:G,C:C,C:C,T:G,G:G,C:C,C:C,A:A,G:G,A:A,T:T,G:G,A:A,G:G,A:A,C:C,T:T,A:A,T:T,T:T,T:T,A:A,G:G,C:C,C:C,A:A
ICMB 101960:4,G:G,T:T,G:G,A:A,G:G,C:C,C:C,T:G,G:G,C:C,C:C,A:A,G:G,A:A,T:T,G:G,A:A,G:G,A:A,C:C,T:T,A:A,T:T,T:T,T:T,A:A,G:G,C:C,C:C,A:A
ICMB 101960:5,G:G,T:T,G:G,A:A,G:G,C:C,C:C,T:G,G:G,C:C,C:C,A:A,G:G,A:A,T:T,G:G,A:A,G:G,A:A,C:C,T:T,A:A,T:T,T:T,T:T,A:A,G:G,C:C,C:C,A:A
ICMB 101960:6,G:G,T:T,G:G,A:A,G:G,C:C,C:C,T:G,G:G,C:C,C:C,A:A,G:G,A:A,T:T,G:G,A:A,G:G,A:A,C:C,T:T,A:A,T:T,T:T,T:T,A:A,G:G,C:C,C:C,A:A
ICMB 101960:7,G:G,T:T,G:G,A:A,G:G,C:C,C:C,T:G,G:G,C:C,C:C,A:A,G:G,A:A,T:T,G:G,A:A,G:G,A:A,C:C,T:T,A:A,T:T,T:T,T:T,A:A,G:G,C:C,C:C,A:A
ICMB 101960:8,G:G,T:T,G:G,A:A,G:G,C:C,C:C,T:G,G:G,C:C,C:C,A:A,G:G,A:A,T:T,G:G,A:A,G:G,A:A,C:C,T:T,A:A,T:T,T:T,T:T,A:A,G:G,C:C,C:C,A:A
ICMB 101961:1,A:A,C:C,G:G,T:T,A:A,C:C,C:C,G:G,A:A,C:C,C:C,A:A,G:G,A:A,G:G,G:G,A:A,G:A,G:G,G:G,T:T,C:C,T:T,T:T,T:T,C:C,G:G,C:C,T:T,A:A
ICMB 101961:2,A:A,C:C,G:G,T:T,A:A,C:C,C:C,G:G,A:A,C:C,C:C,A:A,G:G,A:A,G:G,G:G,A:A,G:A,G:G,C:C,T:T,C:C,T:T,T:T,T:T,C:C,G:G,C:C,T:T,A:A
ICMB 101961:3,A:A,C:C,G:G,T:T,A:A,C:C,C:C,G:G,A:A,C:C,C:C,A:A,G:G,A:A,G:G,G:G,A:A,G:A,G:G,G:G,T:T,C:C,T:T,T:T,T:T,C:C,G:G,C:C,T:T,A:A
ICMB 101961:4,A:A,C:C,G:G,T:T,A:A,C:C,C:C,G:G,A:A,C:C,C:C,A:A,G:G,A:A,G:G,G:G,A:A,G:A,G:G,G:C,T:T,C:C,T:T,T:T,T:T,C:C,G:G,C:C,T:T,A:A
ICMB 101961:5,A:A,C:C,G:G,T:T,A:A,C:C,C:C,G:G,A:A,C:C,C:C,A:A,G:G,A:A,G:G,G:G,A:A,A:A,G:G,C:C,T:T,C:C,T:T,T:T,T:T,C:C,G:G,C:C,T:T,A:A
ICMB 101961:6,A:A,C:C,G:G,T:T,A:A,C:C,C:C,G:G,A:A,C:C,C:C,A:A,G:G,A:A,G:G,G:G,A:A,A:A,G:G,G:G,T:T,C:C,T:T,T:T,T:T,C:C,G:G,C:C,T:T,A:A
ICMB 101961:7,A:A,C:C,G:G,T:T,A:A,C:C,C:C,G:G,A:A,C:C,C:C,A:A,G:G,A:A,G:G,G:G,A:A,G:A,G:G,C:C,T:T,C:C,T:T,T:T,T:T,C:C,G:G,C:C,T:T,A:A
ICMB 101961:8,A:A,C:C,G:G,T:T,A:A,C:C,C:C,G:G,A:A,C:C,C:C,A:A,G:G,A:A,G:G,G:G,A:A,G:A,G:G,G:G,T:T,C:C,T:T,T:T,T:T,C:C,G:G,C:C,T:T,A:A
ICMB 101962:1,G:G,T:T,A:A,A:A,A:A,T:T,T:T,T:G,G:G,G:G,T:T,A:A,A:A,G:G,T:T,A:A,A:A,A:A,G:G,C:C,T:T,A:A,A:A,T:T,G:G,A:A,C:C,C:C,T:T,A:A
ICMB 101962:2,G:G,T:T,?,A:A,A:A,T:T,T:T,T:G,G:G,G:G,T:T,A:A,A:A,G:G,T:T,A:A,A:A,A:A,G:G,C:C,T:T,A:A,A:A,T:T,?,A:A,C:C,C:C,T:T,A:A
ICMB 101962:3,G:G,T:T,A:A,A:A,A:A,T:T,T:T,T:G,G:G,G:G,T:T,A:A,A:A,G:G,T:G,A:A,A:A,A:A,G:G,C:C,T:T,A:A,A:A,T:T,G:G,A:A,C:C,C:C,T:T,A:A
ICMB 101962:4,G:G,T:T,A:A,A:A,A:A,T:T,T:T,T:G,G:G,G:G,T:T,A:A,A:A,G:G,T:T,A:A,A:A,A:A,G:G,C:C,T:T,A:A,A:A,T:T,G:G,A:A,C:C,C:C,T:T,A:A
ICMB 101962:5,G:G,T:T,A:A,A:A,A:A,T:T,T:T,T:G,G:G,G:G,T:T,A:A,A:A,G:G,T:T,A:A,A:A,A:A,G:G,C:C,T:T,A:A,A:A,T:T,G:G,A:A,C:C,C:C,T:T,A:A
ICMB 101962:6,G:G,T:T,A:A,A:A,A:A,T:T,T:T,T:G,G:G,G:G,T:T,A:A,A:A,G:G,T:T,A:A,A:A,A:A,G:G,C:C,T:T,A:A,A:A,T:T,G:G,A:A,C:C,C:C,T:T,A:A
ICMB 101962:7,G:G,T:T,A:A,A:A,A:A,T:T,T:T,T:G,G:G,G:G,T:T,A:A,A:A,G:G,T:T,A:A,A:A,A:A,G:G,C:C,T:T,A:A,A:A,T:T,G:G,A:A,C:C,C:C,T:T,A:A
ICMB 101962:8,G:G,T:T,A:A,A:A,A:A,T:T,T:T,T:G,G:G,G:G,T:T,A:A,A:A,G:G,T:T,A:A,A:A,A:A,G:G,C:C,T:T,A:A,A:A,T:T,G:G,A:A,C:C,C:C,T:T,A:A
ICMB 101963:1,G:G,T:C,G:G,A:A,A:A,C:C,T:T,G:G,G:G,C:C,T:T,A:A,G:G,A:A,G:G,G:G,A:A,G:G,A:A,G:G,C:C,C:C,T:T,T:T,G:G,C:C,G:G,C:C,C:C,G:G
ICMB 101963:2,G:G,C:C,G:G,A:A,A:A,C:C,T:T,G:G,G:G,C:C,T:T,A:A,G:G,A:A,G:G,G:G,A:A,G:G,A:A,G:G,C:C,C:C,T:T,T:T,G:G,C:C,G:G,C:C,C:C,G:G
ICMB 101963:3,G:G,T:T,G:G,A:A,A:A,C:C,T:T,G:G,G:G,C:C,T:T,A:A,G:G,A:A,G:G,G:G,A:A,G:G,A:A,G:G,C:C,C:C,T:T,T:T,G:G,C:C,G:G,C:C,C:C,G:G
ICMB 101963:4,G:G,C:C,G:G,A:A,A:A,C:C,T:T,G:G,G:G,C:C,T:T,A:A,G:G,A:A,G:G,G:G,A:A,G:G,A:A,G:G,C:C,C:C,T:T,T:T,G:G,C:C,G:G,C:C,C:C,G:G
ICMB 101963:5,G:G,C:C,G:G,A:A,A:A,C:C,T:T,G:G,G:G,C:C,T:T,A:A,G:G,A:A,G:G,G:G,A:A,G:G,A:A,G:G,C:C,C:C,T:T,T:T,G:G,C:C,G:G,C:C,C:C,G:G
ICMB 101963:6,G:G,T:C,G:G,A:A,A:A,C:C,T:T,G:G,G:G,C:C,T:T,A:A,G:G,A:A,G:G,G:G,A:A,G:G,A:A,G:G,C:C,C:C,T:T,T:T,G:G,C:C,G:G,C:C,C:C,G:G
ICMB 101963:7,G:G,T:C,G:G,A:A,A:A,C:C,T:T,G:G,G:G,C:C,T:T,A:A,G:G,A:A,G:G,G:G,A:A,G:G,A:A,G:G,C:C,C:C,T:T,T:T,G:G,C:C,G:G,C:C,C:C,G:G
ICMB 101963:8,G:G,C:C,G:G,A:A,A:A,C:C,T:T,G:G,G:G,C:C,T:T,A:A,G:G,A:A,G:G,G:G,A:A,G:G,A:A,G:G,C:C,C:C,T:T,T:T,G:G,C:C,G:G,C:C,C:C,G:G
ICMB 101965,A:A,T:C,G:G,T:T,G:G,C:C,N:N,G:G,A:A,G:G,C:C,A:A,G:G,A:A,G:G,A:A,A:A,A:A,G:G,C:C,T:T,A:A,A:A,T:T,T:T,A:A,C:C,T:T,T:T,A:A
ICMB 101967,G:G,C:C,A:A,T:T,A:A,C:C,C:C,T:T,G:G,C:C,T:T,A:A,A:A,A:A,G:G,A:A,G:A,A:A,A:A,G:G,C:C,A:A,A:A,T:T,T:T,A:A,G:G,T:T,T:T,A:A
ICMB 101968,G:G,T:T,N:N,A:A,N:N,N:N,T:T,G:G,N:N,G:G,N:N,A:A,N:N,N:N,G:G,N:N,A:A,A:A,N:N,C:C,C:C,C:C,N:N,N:N,G:G,A:A,C:C,N:N,T:T,A:A
ICMB 101969,G:G,C:C,G:G,A:A,A:A,T:T,C:C,G:G,A:A,C:C,C:C,A:A,G:G,G:G,G:G,A:A,A:A,A:A,G:G,C:C,T:T,C:C,T:T,T:T,G:G,C:C,G:G,T:T,C:C,G:G
ICMB 101970,A:A,C:C,G:G,T:T,G:G,T:T,T:T,T:G,G:G,C:C,T:T,A:A,G:G,A:A,G:G,G:G,A:A,G:G,G:G,C:C,T:T,C:C,T:T,C:C,G:G,A:A,C:C,C:C,C:C,G:G
ICMB 101971,A:A,T:T,A:A,T:T,G:G,T:T,T:T,T:G,A:A,G:G,T:T,A:A,G:G,G:G,G:G,G:G,A:A,G:G,G:G,C:C,T:T,C:C,T:T,C:C,G:G,A:A,C:C,C:C,T:T,A:A
ICMB 101972,A:A,C:C,G:A,T:T,G:G,C:C,C:C,G:G,A:A,G:G,C:C,A:A,G:G,A:A,G:G,G:G,A:A,G:G,G:G,C:C,T:T,C:C,T:T,T:T,T:T,A:A,C:C,N:N,T:T,A:A
ICMB 101973,G:G,T:T,G:G,A:A,A:A,C:C,T:T,G:G,G:G,G:G,T:T,A:A,A:A,G:G,G:G,A:A,A:A,A:A,G:G,G:G,C:C,C:C,A:A,T:T,T:T,A:A,C:C,T:T,C:C,G:G
ICMB 101974,G:G,N:N,N:N,N:N,N:N,N:N,N:N,N:N,N:N,C:C,C:C,A:A,G:G,N:N,N:N,N:N,A:A,N:N,G:G,C:C,T:T,C:C,N:N,N:N,N:N,A:A,C:C,N:N,T:T,A:A
ICMB 101975,G:G,C:C,N:N,T:T,G:G,C:C,C:C,T:G,G:G,C:C,C:C,A:A,G:G,G:G,G:G,A:G,A:A,G:G,G:G,C:C,T:T,C:C,A:A,T:T,T:T,A:A,C:C,N:N,T:T,A:A
ICMB 101980,A:A,T:T,G:G,T:T,A:A,T:T,T:T,G:G,A:A,C:C,T:T,A:A,A:A,G:G,T:T,G:G,A:A,G:G,G:G,G:G,T:T,C:C,T:T,T:T,T:T,C:C,G:G,T:T,C:C,G:G
ICMB 101981,A:A,T:T,G:G,T:T,G:G,C:C,N:N,T:G,A:A,G:C,T:T,N:N,A:G,G:A,G:G,G:G,A:A,G:A,G:G,C:C,T:T,C:C,T:T,C:T,N:N,C:C,G:C,C:C,C:C,A:G
ICMB 101982,A:A,N:N,A:A,A:A,G:G,T:T,T:T,T:G,N:N,G:G,N:N,C:A,G:G,G:A,G:G,G:G,A:A,A:A,A:G,G:C,C:C,N:N,N:N,C:C,G:G,A:A,N:N,C:T,T:T,N:N
ICMB 101986,A:A,C:C,G:G,T:T,A:A,C:C,C:C,G:G,A:A,C:C,C:C,A:A,G:G,G:G,G:G,A:A,A:A,A:A,G:G,C:C,N:N,C:C,T:T,C:C,G:G,A:A,C:C,T:T,T:T,A:A
ICMB 101987,G:G,T:T,G:G,T:T,A:A,C:C,T:T,G:G,A:A,G:G,C:C,A:A,G:G,A:A,G:G,A:A,A:A,A:A,G:G,C:C,T:T,C:C,N:N,T:T,T:T,A:A,C:C,T:T,T:T,A:A
ICMB 101988,G:G,C:C,G:G,T:T,G:G,C:C,C:C,G:G,A:A,G:G,C:C,A:A,G:G,G:G,G:G,G:G,A:A,A:A,G:G,C:C,T:T,C:C,A:A,T:T,T:T,A:A,C:C,T:T,T:T,A:A
ICMB 101989,A:A,C:C,G:G,T:T,G:G,C:C,C:C,G:G,A:A,G:G,C:C,A:A,G:G,A:A,G:G,G:G,A:A,A:A,G:G,C:C,T:T,C:C,A:A,T:T,T:T,A:A,C:C,C:T,T:T,A:A
ICMB 101990,G:G,C:C,G:G,A:A,A:A,T:T,C:C,G:G,A:A,G:C,C:T,A:A,G:G,A:A,G:G,A:A,A:A,A:A,G:G,C:C,T:T,C:C,T:T,C:C,G:G,A:A,C:C,T:T,T:T,A:A
ICMB 101991,G:G,C:C,G:G,T:T,A:A,T:T,C:C,G:G,A:A,G:G,C:C,A:A,G:G,G:G,T:T,A:A,A:A,A:A,G:G,C:C,T:T,C:C,T:T,C:C,G:G,A:A,C:C,T:T,T:T,A:A
ICMB 101992,G:G,C:C,G:G,A:A,A:A,C:C,C:C,T:G,A:A,C:C,C:C,A:A,G:G,A:A,G:G,G:G,A:A,A:A,G:G,C:C,T:T,C:C,T:T,C:C,G:G,A:A,C:C,T:T,T:C,A:A
ICMB 101993,G:G,T:T,A:A,A:A,A:G,T:T,T:T,T:G,A:A,C:C,T:T,A:A,G:G,G:G,T:T,G:G,A:A,A:A,A:A,C:C,T:T,N:N,T:T,T:T,G:G,A:A,C:C,T:T,C:C,A:A
ICMB 101994,A:A,C:C,G:G,A:A,A:A,C:C,C:C,T:G,A:A,G:G,C:C,A:A,A:A,G:G,N:N,A:A,A:A,G:G,G:G,C:C,T:T,C:C,T:T,C:C,G:G,A:A,C:C,T:T,T:T,A:A
ICMB 10222,A:A,T:T,A:A,A:A,A:A,T:T,T:T,T:G,A:A,G:G,T:T,A:A,A:A,G:G,G:G,G:G,A:A,A:A,G:G,C:C,C:C,C:C,T:T,C:C,G:G,A:A,C:C,C:C,T:T,A:A
ICMB 10777,G:G,T:T,A:A,A:A,A:A,T:T,T:T,T:G,A:A,G:G,T:T,A:A,A:A,G:G,T:T,A:A,A:A,A:A,G:G,C:C,T:T,C:C,T:T,C:C,G:G,A:A,C:C,C:C,T:T,A:A
ICMB 11222,G:G,C:C,A:A,T:T,G:G,T:T,T:T,G:G,A:A,G:G,C:C,C:C,G:G,G:G,T:T,A:A,A:A,A:A,A:A,C:C,T:T,C:C,T:T,T:T,G:G,A:A,C:C,C:C,C:C,G:G
ICMB 13777,G:G,T:T,A:A,A:A,A:A,T:T,T:T,G:G,G:G,G:G,T:T,A:A,A:A,G:G,G:G,G:G,A:A,A:A,A:A,C:C,C:C,C:C,T:T,C:C,G:G,A:A,C:C,C:C,T:T,A:A
ICMB 14222,A:A,C:C,A:A,T:T,A:A,T:T,T:T,G:G,G:G,C:C,T:T,A:A,G:G,G:G,G:G,A:A,A:A,G:G,G:G,C:C,T:T,A:A,T:T,C:C,G:G,A:A,C:C,T:T,C:C,G:G
ICMB 14222:1,A:A,C:C,A:A,T:T,A:A,T:T,T:T,G:G,G:G,C:C,T:T,A:A,G:G,G:G,G:G,A:A,A:A,G:G,G:G,C:C,T:T,A:A,T:T,C:C,G:G,A:A,C:C,T:T,C:C,G:G
ICMB 14222:10,A:A,C:C,A:A,T:T,A:A,T:T,T:T,G:G,G:G,C:C,T:T,A:A,G:G,G:G,G:G,A:A,A:A,A:A,A:A,C:C,T:T,A:A,T:T,C:C,G:G,A:A,C:C,T:T,C:C,G:G
ICMB 14222:11,A:A,C:C,A:A,T:T,A:A,T:T,T:T,G:G,G:G,C:C,T:T,A:A,G:G,G:G,G:G,A:A,A:A,A:A,A:A,C:C,T:T,A:A,T:T,C:C,G:G,A:A,C:C,T:T,C:C,G:G
ICMB 14222:12,A:A,C:C,A:A,T:T,A:A,T:T,T:T,G:G,G:G,C:C,T:T,A:A,G:G,G:G,G:G,A:A,A:A,G:G,G:G,C:C,T:T,A:A,T:T,C:C,G:G,A:A,C:C,T:T,C:C,G:G
ICMB 14222:13,A:A,C:C,A:A,T:T,A:A,T:T,T:T,G:G,G:G,C:C,T:T,A:A,G:G,G:G,G:G,A:A,A:A,A:A,A:A,C:C,T:T,A:A,T:T,C:C,G:G,A:A,C:C,T:T,C:C,G:G
ICMB 14222:14,A:A,C:C,A:A,T:T,A:A,T:T,T:T,G:G,G:G,C:C,T:T,A:A,G:G,G:G,G:G,A:A,A:A,G:G,G:G,C:C,T:T,A:A,T:T,C:C,G:G,A:A,C:C,T:T,C:C,G:G
ICMB 14222:15,A:A,C:C,A:A,T:T,A:A,T:T,T:T,G:G,G:G,C:C,T:T,A:A,G:G,G:G,G:G,A:A,A:A,A:A,A:A,C:C,T:T,A:A,T:T,C:C,G:G,A:A,C:C,T:T,C:C,G:G
ICMB 14222:16,A:A,C:C,A:A,T:T,A:A,T:T,T:T,G:G,G:G,C:C,T:T,A:A,G:G,G:G,G:G,A:A,A:A,A:A,A:A,C:C,T:T,A:A,T:T,C:C,G:G,A:A,C:C,T:T,C:C,G:G
ICMB 14222:2,A:A,C:C,A:A,T:T,A:A,T:T,T:T,G:G,G:G,C:C,T:T,A:A,G:G,G:G,G:G,A:A,A:A,G:G,G:G,C:C,T:T,A:A,T:T,C:C,G:G,A:A,C:C,T:T,C:C,G:G
ICMB 14222:3,A:A,C:C,A:A,T:T,A:A,T:T,T:T,G:G,G:G,C:C,T:T,A:A,G:G,G:G,G:G,A:A,A:A,G:G,G:G,C:C,T:T,A:A,T:T,C:C,G:G,A:A,C:C,T:T,C:C,G:G
ICMB 14222:4,A:A,C:C,A:A,T:T,A:A,T:T,T:T,G:G,G:G,C:C,T:T,A:A,G:G,G:G,G:G,A:A,A:A,G:G,G:G,C:C,T:T,A:A,T:T,C:C,G:G,A:A,C:C,T:T,C:C,G:G
ICMB 14222:5,A:A,C:C,A:A,T:T,A:A,T:T,T:T,G:G,G:G,C:C,T:T,A:A,G:G,G:G,G:G,A:A,A:A,G:G,G:G,C:C,T:T,A:A,T:T,C:C,G:G,A:A,C:C,T:T,C:C,G:G
ICMB 14222:6,A:A,C:C,A:A,T:T,A:A,T:T,T:T,G:G,G:G,C:C,T:T,A:A,G:G,G:G,G:G,A:A,A:A,G:G,G:G,C:C,T:T,A:A,T:T,C:C,G:G,A:A,C:C,T:T,C:C,G:G
ICMB 14222:7,A:A,C:C,A:A,T:T,A:A,T:T,T:T,G:G,G:G,C:C,T:T,A:A,G:G,G:G,G:G,A:A,A:A,G:G,G:G,C:C,T:T,A:A,T:T,C:C,?,A:A,C:C,T:T,C:C,?
ICMB 14222:8,A:A,C:C,A:A,T:T,A:A,T:T,T:T,G:G,G:G,C:C,T:T,A:A,G:G,G:G,G:G,A:A,A:A,G:G,G:G,C:C,T:T,A:A,T:T,C:C,G:G,A:A,C:C,T:T,C:C,G:G
ICMB 14222:9,A:A,C:C,A:A,T:T,A:A,T:T,T:T,G:G,G:G,C:C,T:T,A:A,G:G,G:G,G:G,A:A,A:A,G:G,G:G,C:C,T:T,A:A,T:T,C:C,G:G,A:A,C:C,T:T,C:C,G:G
ICMB 1502,G:G,T:T,A:A,T:T,G:G,C:C,C:C,T:T,G:G,G:G,T:T,A:A,G:G,G:G,G:G,G:G,G:G,A:A,A:A,C:C,T:T,A:A,A:A,T:T,T:T,A:A,G:G,T:T,C:C,A:A
ICMB 1508:1,G:G,T:T,G:G,A:A,G:G,T:T,T:T,G:G,A:A,C:C,T:T,A:A,A:A,A:A,G:G,A:A,A:A,G:G,G:G,C:C,T:T,A:A,T:T,T:T,G:G,A:A,G:G,T:T,C:C,G:G
ICMB 1508:10,G:G,T:T,G:G,A:A,G:G,T:T,T:T,G:G,A:A,C:C,T:T,A:A,A:A,A:A,G:G,A:A,A:A,G:G,G:G,C:C,T:T,A:A,T:T,T:T,G:G,A:A,G:G,T:T,C:C,G:G
ICMB 1508:11,G:G,T:T,G:G,A:A,G:G,T:T,T:T,G:G,A:A,C:C,T:T,A:A,A:A,A:A,G:G,A:A,A:A,G:G,G:G,C:C,T:T,A:A,T:T,T:T,G:G,A:A,G:G,T:T,C:C,G:G
ICMB 1508:12,G:G,T:T,G:G,A:A,G:G,T:T,T:T,G:G,A:A,C:C,T:T,A:A,A:A,A:A,G:G,A:A,A:A,G:G,G:G,C:C,T:T,A:A,T:T,T:T,G:G,A:A,G:G,T:T,C:C,G:G
ICMB 1508:2,G:G,T:T,G:G,A:A,G:G,T:T,T:T,G:G,A:A,C:C,T:T,A:A,A:A,A:A,G:G,A:A,A:A,G:G,G:G,C:C,T:T,A:A,T:T,T:T,G:G,A:A,G:G,T:T,C:C,G:G
ICMB 1508:3,G:G,T:T,G:G,A:A,G:G,T:T,T:T,G:G,A:A,C:C,T:T,A:A,A:A,A:A,G:G,A:A,A:A,G:G,G:G,C:C,T:T,A:A,T:T,T:T,G:G,A:A,G:G,T:T,C:C,G:G
ICMB 1508:4,G:G,T:T,G:G,A:A,G:G,T:T,T:T,G:G,A:A,C:C,T:T,A:A,A:A,A:A,G:G,A:A,A:A,G:G,G:G,C:C,T:T,A:A,T:T,T:T,G:G,A:A,G:G,T:T,C:C,G:G
ICMB 1508:5,G:G,T:T,G:G,A:A,G:G,T:T,T:T,G:G,A:A,C:C,T:T,A:A,A:A,A:A,G:G,A:A,A:A,G:G,G:G,C:C,T:T,A:A,T:T,T:T,G:G,A:A,G:G,T:T,C:C,G:G
ICMB 1508:6,G:G,T:T,G:G,A:A,G:G,T:T,T:T,G:G,A:A,C:C,T:T,A:A,A:A,A:A,G:G,A:A,A:A,G:G,G:G,C:C,T:T,A:A,T:T,T:T,G:G,A:A,G:G,T:T,C:C,G:G
ICMB 1508:7,G:G,T:T,G:G,A:A,G:G,T:T,T:T,G:G,A:A,C:C,T:T,A:A,A:A,A:A,G:G,A:A,A:A,G:G,G:G,C:C,T:T,A:A,T:T,T:T,G:G,A:A,G:G,T:T,C:C,G:G
ICMB 1508:8,G:G,T:T,G:G,A:A,G:G,T:T,T:T,G:G,A:A,C:C,T:T,A:A,A:A,A:A,G:G,A:A,A:A,G:G,G:G,C:C,T:T,A:A,T:T,T:T,G:G,A:A,G:G,T:T,C:C,G:G
ICMB 1508:9,G:G,T:T,G:G,A:A,G:G,T:T,T:T,G:G,A:A,C:C,T:T,A:A,A:A,A:A,G:G,A:A,A:A,G:G,G:G,C:C,T:T,A:A,T:T,T:T,G:G,A:A,G:G,T:T,C:C,G:G
ICMB 15666,G:G,C:C,G:G,T:T,G:G,C:C,C:C,G:G,A:A,G:G,C:C,A:A,G:G,A:A,G:G,A:A,A:A,A:A,G:G,C:C,T:T,C:C,A:A,T:T,G:G,A:A,C:C,T:T,T:T,A:A
ICMB 15777,A:A,C:C,G:G,A:A,A:A,T:T,C:C,G:G,A:A,C:C,C:C,A:A,G:G,G:G,G:G,G:G,A:A,A:A,G:G,C:C,T:T,C:C,T:T,C:C,G:G,A:A,C:C,T:T,C:C,G:G
ICMB 1608,G:G,T:T,G:G,T:T,G:G,C:C,C:C,T:G,G:G,G:G,T:T,A:A,G:G,A:A,T:T,G:G,G:G,A:A,A:A,C:C,T:T,A:A,A:A,T:T,T:T,A:A,G:G,C:C,C:C,A:A
ICMB 16222,A:A,C:C,G:G,A:A,A:A,T:T,C:C,G:G,A:A,C:C,T:T,C:C,G:G,A:A,G:G,A:A,A:A,A:A,G:G,C:C,C:C,A:A,T:T,T:T,T:T,A:A,G:G,T:T,C:C,A:A
ICMB 16444,A:A,T:T,G:G,A:A,A:A,T:T,T:T,G:G,A:A,C:C,C:C,A:A,G:G,A:A,G:G,A:A,A:A,A:A,G:G,C:C,T:T,C:C,T:T,C:C,G:G,A:A,C:C,T:T,C:C,A:A
ICMB 16666,G:G,C:C,G:G,A:A,A:A,T:T,C:C,G:G,N:N,G:G,T:T,C:C,G:G,A:A,G:G,G:G,A:A,A:A,G:G,G:G,T:T,C:C,T:T,C:C,G:G,A:A,C:C,T:T,C:C,A:A
ICMB 17333:1,G:G,C:C,G:G,A:A,A:A,C:C,T:T,G:G,A:A,G:G,T:T,C:C,G:G,G:G,T:T,A:A,A:A,A:A,A:A,G:G,C:C,A:A,T:T,C:C,G:G,A:A,C:C,T:T,C:C,G:G
ICMB 17333:2,G:G,C:C,G:G,A:A,A:A,C:C,T:T,G:G,A:A,G:G,T:T,C:C,G:G,G:G,T:T,A:A,A:A,A:A,A:A,G:G,C:C,A:A,T:T,C:C,G:G,A:A,C:C,T:T,C:C,G:G
ICMB 17333:3,G:G,C:C,G:G,A:A,A:A,C:C,T:T,G:G,A:A,G:G,T:T,C:C,G:G,G:G,T:T,A:A,A:A,A:A,A:A,G:G,C:C,A:A,T:T,C:C,G:G,A:A,C:C,T:T,C:C,G:G
ICMB 17333:4,G:G,C:C,G:A,A:T,A:A,C:T,C:T,G:G,A:A,G:G,T:T,C:A,G:G,G:G,T:T,A:A,A:A,A:A,A:A,G:C,C:C,A:C,T:T,C:T,G:T,A:A,C:C,T:T,C:C,A:G
ICMB 17333:5,G:G,C:C,G:G,A:A,A:A,C:C,T:T,G:G,A:A,G:G,T:T,C:C,G:G,G:G,T:T,A:A,A:A,A:A,A:A,G:G,C:C,A:A,T:T,C:C,G:G,A:A,C:C,T:T,C:C,G:G
ICMB 17333:6,G:G,C:C,G:G,A:A,A:A,C:C,T:T,G:G,A:A,G:G,T:T,C:C,G:G,G:G,T:T,A:A,A:A,A:A,A:A,G:G,C:C,A:A,T:T,C:C,G:G,A:A,C:C,T:T,C:C,G:G
ICMB 17333:7,G:G,C:C,G:G,A:A,A:A,C:C,T:T,G:G,A:A,G:G,T:T,C:C,G:G,G:G,T:T,A:A,A:A,A:A,A:A,G:G,C:C,A:A,T:T,C:C,G:G,A:A,C:C,T:T,C:C,G:G
ICMB 17333:8,G:G,C:C,G:G,A:A,A:A,C:C,T:T,G:G,A:A,G:G,T:T,C:C,G:G,G:G,T:T,A:A,A:A,A:A,A:A,G:G,C:C,A:A,T:T,C:C,G:G,A:A,C:C,T:T,C:C,G:G
ICMB 17555,G:G,C:C,G:G,A:A,A:A,T:T,N:N,T:G,A:A,C:C,T:T,C:C,A:A,G:G,G:G,G:G,A:A,A:A,G:G,C:C,T:T,C:C,T:T,C:C,G:G,A:A,C:C,T:T,C:C,G:G
ICMB 17555:1,G:G,C:C,G:G,T:T,A:A,T:T,T:T,G:G,A:A,C:C,T:T,A:A,A:A,A:A,T:T,A:A,A:A,G:G,G:G,G:G,C:C,A:A,T:T,C:C,G:G,A:A,C:C,T:T,T:T,G:G
ICMB 17555:2,G:G,C:C,G:G,T:T,A:A,T:T,T:T,G:G,A:A,C:C,T:T,A:A,A:A,A:A,T:T,A:A,A:A,G:G,G:G,G:G,C:C,A:A,T:T,C:C,G:G,A:A,C:C,T:T,T:T,G:G
ICMB 17555:3,G:G,C:C,G:G,T:T,A:A,T:T,T:T,G:G,A:A,C:C,T:T,A:A,A:A,A:A,T:T,A:A,A:A,G:G,G:G,G:G,C:C,A:A,T:T,C:C,G:G,A:A,C:C,T:T,T:T,G:G
ICMB 17555:4,G:G,C:C,G:G,T:T,A:A,T:T,T:T,G:G,A:A,C:C,T:T,A:A,A:A,A:A,T:T,A:A,A:A,G:G,G:G,G:G,C:C,A:A,T:T,C:C,G:G,A:A,C:C,T:T,T:T,G:G
ICMB 17555:5,G:G,C:C,G:G,T:T,A:A,T:T,T:T,G:G,A:A,C:C,T:T,A:A,A:A,A:A,T:T,A:A,A:A,G:G,G:G,G:G,C:C,A:A,T:T,C:C,G:G,A:A,C:C,T:T,T:T,G:G
ICMB 17555:6,G:G,C:C,G:G,T:T,A:A,T:T,T:T,G:G,A:A,C:C,T:T,A:A,A:A,A:A,T:T,A:A,A:A,G:G,G:G,G:G,C:C,A:A,T:T,C:C,G:G,A:A,C:C,T:T,T:T,G:G
ICMB 17555:7,G:G,C:C,G:G,T:T,A:A,T:T,T:T,G:G,A:A,C:C,T:T,A:A,A:A,A:A,T:T,A:A,A:A,G:G,G:G,G:G,C:C,A:A,T:T,C:C,G:G,A:A,C:C,T:T,T:T,G:G
ICMB 17555:8,G:G,C:C,G:G,T:T,A:A,T:T,T:T,G:G,A:A,C:C,T:T,A:A,A:A,A:A,T:T,A:A,A:A,G:G,G:G,G:G,C:C,A:A,T:T,C:C,G:G,A:A,C:C,T:T,T:T,G:G
ICMB 18111,G:G,C:C,A:A,A:A,A:A,C:C,C:C,G:G,G:G,G:G,C:C,C:C,G:G,G:G,G:G,G:G,A:A,G:G,A:A,G:G,C:C,A:A,A:A,T:T,G:G,A:A,C:C,T:T,T:T,A:A
ICMB 18333,G:G,T:T,A:A,A:T,A:A,T:T,T:T,T:G,A:A,G:G,T:T,A:A,A:A,G:G,T:T,A:A,A:A,A:A,G:G,C:C,T:T,C:C,T:T,C:C,G:G,A:A,C:C,C:C,T:T,A:A
ICMB 18444,G:G,T:T,A:A,N:N,A:A,T:T,T:T,T:G,A:A,G:G,T:T,A:A,A:A,G:G,T:T,A:A,A:A,A:A,G:G,C:C,T:T,C:C,T:T,C:C,G:G,A:A,C:C,C:C,T:T,A:A
ICMB 18444:1,A:A,C:C,G:G,A:A,A:A,T:T,C:C,G:G,A:A,C:C,C:C,A:A,G:G,G:G,G:G,G:G,A:A,A:A,G:G,C:C,T:T,C:C,T:T,C:C,G:G,A:A,C:C,T:T,C:C,G:G
ICMB 18444:2,A:A,C:C,G:G,A:A,A:A,T:T,C:C,G:G,A:A,C:C,C:C,A:A,G:G,G:G,G:G,G:G,A:A,A:A,G:G,C:C,T:T,C:C,T:T,C:C,G:G,A:A,C:C,T:T,C:C,G:G
ICMB 18444:3,A:A,C:C,G:G,A:A,A:A,T:T,C:C,G:G,A:A,C:C,C:C,A:A,G:G,G:G,G:G,G:G,A:A,A:A,G:G,C:C,T:T,C:C,T:T,C:C,G:G,A:A,C:C,T:T,C:C,G:G
ICMB 18666,G:G,C:C,G:G,A:A,G:G,C:C,C:C,G:G,A:A,G:G,C:C,A:A,G:G,G:G,G:G,G:G,A:A,A:A,G:G,C:C,T:T,C:C,A:A,C:C,G:G,A:A,C:C,T:T,T:T,A:A
ICMB 18777:1,G:G,C:C,G:G,T:T,A:A,T:T,T:T,G:G,A:A,C:C,T:T,A:A,A:A,A:A,?,A:A,A:A,G:G,G:G,G:G,C:C,C:C,T:T,C:C,G:G,A:A,C:C,C:C,C:C,G:G
ICMB 18777:2,G:G,C:C,G:G,T:T,A:A,T:T,T:T,G:G,A:A,C:C,T:T,A:A,A:A,A:A,?,A:A,A:A,G:G,G:G,G:G,C:C,C:C,T:T,C:C,G:G,A:A,C:C,C:C,C:C,G:G
ICMB 18777:3,G:G,C:C,G:G,T:T,A:A,T:T,T:T,G:G,A:A,C:C,T:T,A:A,A:A,A:A,?,A:A,A:A,G:G,G:G,G:G,C:C,C:C,T:T,C:C,G:G,A:A,C:C,C:C,C:C,G:G
ICMB 18777:4,G:G,C:C,G:G,T:T,A:A,T:T,T:T,G:G,A:A,C:C,T:T,A:A,A:A,A:A,?,A:A,A:A,G:G,G:G,G:G,C:C,C:C,T:T,C:C,G:G,A:A,C:C,C:C,C:C,G:G
ICMB 18777:5,G:G,C:C,G:G,T:T,A:A,T:T,T:T,G:G,A:A,C:C,T:T,A:A,A:A,A:A,G:G,A:A,A:A,G:G,G:G,G:G,C:C,C:C,T:T,C:C,G:G,A:A,C:C,C:C,C:C,G:G
ICMB 18777:6,G:G,C:C,G:G,T:T,A:A,T:T,T:T,G:G,A:A,C:C,T:T,A:A,A:A,A:A,G:G,A:A,A:A,G:G,G:G,G:G,C:C,C:C,T:T,C:C,G:G,A:A,C:C,C:C,C:C,G:G
ICMB 18777:7,G:G,C:C,G:G,T:T,A:A,T:T,T:T,G:G,A:A,C:C,T:T,A:A,A:A,A:A,T:G,A:A,A:A,G:G,G:G,G:G,C:C,C:C,T:T,C:C,G:G,A:A,C:C,C:C,C:C,G:G
ICMB 18777:8,G:G,C:C,G:G,T:T,A:A,T:T,T:T,G:G,A:A,C:C,T:T,A:A,A:A,A:A,T:G,A:A,A:A,G:G,G:G,G:G,C:C,C:C,T:T,C:C,G:G,A:A,C:C,C:C,C:C,G:G
ICMB 18888:1,G:G,C:C,G:G,T:T,A:A,T:T,C:C,G:G,A:A,C:C,T:T,A:A,G:G,A:A,T:T,A:A,A:A,A:A,G:G,G:G,T:T,C:C,T:T,C:C,G:G,A:A,C:C,T:T,C:C,A:A
ICMB 18888:2,G:G,C:C,G:G,T:T,A:A,T:T,C:C,G:G,A:A,C:C,T:T,A:A,G:G,A:A,T:T,A:A,A:A,A:A,G:G,G:G,T:T,C:C,T:T,C:C,G:G,A:A,C:C,T:T,C:C,A:A
ICMB 18888:3,G:G,C:C,G:G,T:T,A:A,T:T,C:C,G:G,A:A,C:C,T:T,A:A,G:G,A:A,T:T,A:A,A:A,A:A,G:G,G:G,T:T,C:C,T:T,C:C,G:G,A:A,C:C,T:T,C:C,A:A
ICMB 18888:4,G:G,C:C,G:G,T:T,A:A,T:T,C:C,G:G,A:A,C:C,T:T,A:A,G:G,A:A,T:T,A:A,A:A,A:A,G:G,G:G,T:T,C:C,T:T,C:C,G:G,A:A,C:C,T:T,C:C,A:A
ICMB 18888:5,G:G,C:C,G:G,T:T,A:A,T:T,C:C,G:G,A:A,C:C,T:T,A:A,G:G,A:A,T:T,A:A,A:A,A:A,G:G,G:G,T:T,C:C,T:T,C:C,?,A:A,C:C,T:T,C:C,?
ICMB 18888:6,G:G,C:C,G:G,T:T,A:A,T:T,C:C,G:G,A:A,C:C,T:T,A:A,G:G,A:A,T:T,A:A,A:A,A:A,G:G,G:G,T:T,C:C,T:T,C:C,G:G,A:A,C:C,T:T,C:C,A:A
ICMB 18888:7,G:G,C:C,G:G,T:T,A:A,T:T,C:C,G:G,A:A,C:C,T:T,A:A,G:G,A:A,T:T,A:A,A:A,A:A,G:G,G:G,T:T,C:C,T:T,C:C,G:G,A:A,C:C,T:T,C:C,A:A
ICMB 18888:8,G:G,C:C,G:G,T:T,A:A,T:T,C:C,G:G,?,C:C,T:T,A:A,G:G,A:A,T:T,A:A,A:A,A:A,G:G,G:G,T:T,C:C,T:T,C:C,G:G,A:A,C:C,T:T,C:C,A:A
ICMB 99555:1,A:A,C:C,G:G,A:A,A:A,T:T,C:C,G:G,A:A,C:C,C:C,A:A,G:G,G:G,G:G,G:G,A:A,A:A,G:G,C:C,T:T,C:C,T:T,C:C,G:G,A:A,C:C,T:T,C:C,G:G
ICMB 99555:2,A:A,C:C,G:G,A:A,A:A,T:T,C:C,G:G,A:A,C:C,C:C,A:A,G:G,G:G,G:G,G:G,A:A,A:A,G:G,C:C,T:T,C:C,T:T,C:C,G:G,A:A,C:C,T:T,C:C,G:G
ICMB 99555:3,A:A,C:C,G:G,A:A,A:A,T:T,C:C,G:G,A:A,C:C,C:C,A:A,G:G,G:G,G:G,G:G,A:A,A:A,G:G,C:C,T:T,C:C,T:T,C:C,G:G,A:A,C:C,T:T,C:C,G:G
ICMB 99555:4,A:A,C:C,G:G,A:A,A:A,T:T,C:C,G:G,A:A,C:C,C:C,A:A,G:G,G:G,G:G,G:G,A:A,A:A,G:G,C:C,T:T,C:C,T:T,C:C,G:G,A:A,C:C,T:T,C:C,G:G
ICMB 99555:5,A:A,C:C,G:G,A:A,A:A,T:T,C:C,G:G,A:A,C:C,C:C,A:A,G:G,G:G,G:G,G:G,A:A,A:A,G:G,C:C,T:T,C:C,T:T,C:C,G:G,A:A,C:C,T:T,C:C,G:G
ICMB 99555:6,A:A,C:C,G:G,A:A,A:A,T:T,C:C,G:G,A:A,C:C,C:C,A:A,G:G,G:G,G:G,G:G,A:A,A:A,G:G,C:C,T:T,C:C,T:T,C:C,G:G,A:A,C:C,?,C:C,G:G
ICMB 99555:7,A:A,C:C,G:G,A:A,A:A,T:T,Uncallable,G:G,A:A,C:C,C:C,A:A,G:G,G:G,G:G,G:G,A:A,A:A,G:G,C:C,T:T,C:C,T:T,C:C,G:G,A:A,C:C,T:T,C:C,G:G
ICMB 99555:8,A:A,C:C,G:G,A:A,A:A,T:T,C:C,G:G,A:A,C:C,C:C,A:A,G:G,G:G,G:G,G:G,A:A,A:A,G:G,C:C,T:T,C:C,T:T,C:C,G:G,A:A,C:C,T:T,C:C,G:G
ICMR 06222,A:A,T:T,G:G,T:T,A:A,T:T,T:T,G:G,G:G,G:G,T:T,A:A,A:A,G:G,G:G,G:G,A:A,A:A,G:G,C:C,T:T,C:C,A:A,C:C,T:T,C:C,G:G,C:C,T:T,G:G
ICMR 08111,A:A,C:C,A:A,A:A,G:G,C:C,C:C,T:T,A:A,C:C,T:T,C:C,G:G,A:A,G:G,A:A,A:A,G:G,A:A,C:C,C:C,A:A,A:A,T:T,T:T,C:C,G:G,T:T,T:T,A:A
ICMR 08222,G:G,T:T,G:G,A:A,G:G,T:T,C:C,T:T,G:G,C:C,T:T,A:A,G:G,G:G,G:G,G:G,A:A,A:A,G:G,C:C,T:T,A:A,A:A,T:T,T:T,A:A,G:G,T:T,T:T,A:A
ICMR 09888,A:A,T:T,G:G,T:T,G:G,T:T,C:C,T:G,A:A,G:G,C:C,A:A,G:G,A:A,N:N,N:N,N:N,N:N,N:N,N:N,C:C,N:N,N:N,T:T,T:T,A:A,C:C,T:T,T:T,N:N
ICMR 100004:1,A:A,T:T,G:G,T:T,A:A,T:T,T:T,G:G,G:G,G:G,T:T,A:A,A:A,G:G,G:G,G:G,G:G,A:A,G:G,C:C,T:T,C:C,A:A,C:C,T:T,C:C,G:G,C:C,T:T,G:G
ICMR 100004:2,A:A,T:T,G:G,T:T,A:A,T:T,T:T,G:G,G:G,G:G,T:T,A:A,A:A,G:G,G:G,G:G,G:G,A:A,G:G,C:C,T:T,C:C,A:A,C:C,T:T,C:C,G:G,C:C,T:T,G:G
ICMR 100004:3,A:A,T:T,G:G,T:T,A:A,T:T,T:T,G:G,G:G,G:G,T:T,A:A,A:A,G:G,G:G,G:G,G:G,A:A,G:G,C:C,T:T,C:C,A:A,C:C,T:T,C:C,G:G,C:C,T:T,G:G
ICMR 100004:4,A:A,T:T,G:G,T:T,A:A,T:T,T:T,G:G,G:G,G:G,T:T,A:A,A:A,G:G,G:G,G:G,G:G,A:A,G:G,C:C,T:T,C:C,A:A,C:C,T:T,C:C,G:G,C:C,T:T,G:G
ICMR 100004:5,A:A,T:T,G:G,T:T,A:A,T:T,T:T,G:G,G:G,G:G,T:T,A:A,A:A,G:G,G:G,G:G,G:G,A:A,G:G,C:C,T:T,C:C,A:A,C:C,T:T,C:C,G:G,C:C,T:T,G:G
ICMR 100004:6,A:A,T:T,G:G,T:T,A:A,T:T,T:T,G:G,G:G,G:G,T:T,A:A,A:A,G:G,G:G,G:G,G:G,A:A,G:G,C:C,T:T,C:C,A:A,C:C,T:T,C:C,G:G,C:C,T:T,G:G
ICMR 100004:7,A:A,T:T,G:G,T:T,A:A,T:T,T:T,G:G,G:G,G:G,T:T,A:A,A:A,G:G,G:G,G:G,G:G,A:A,G:G,C:C,T:T,C:C,A:A,C:C,Uncallable,C:C,G:G,C:C,T:T,G:G
ICMR 100004:8,A:A,T:T,G:G,T:T,A:A,T:T,T:T,G:G,G:G,G:G,T:T,A:A,A:A,G:G,G:G,G:G,G:G,A:A,G:G,C:C,T:T,C:C,A:A,C:C,T:T,C:C,G:G,C:C,T:T,G:G
ICMR 100072:1,G:G,C:C,G:G,T:T,A:A,C:C,T:T,G:G,G:G,C:C,T:T,A:A,G:G,G:G,T:T,A:A,A:A,G:G,A:A,C:C,C:C,C:C,T:T,C:C,G:G,A:A,C:C,C:C,C:C,G:G
ICMR 100072:2,G:G,C:C,G:G,T:T,A:A,C:C,T:T,G:G,G:G,C:C,T:T,A:A,G:G,G:G,T:T,A:A,A:A,G:G,A:A,C:C,C:C,C:C,T:T,C:C,G:G,A:A,C:C,C:C,C:C,G:G
ICMR 100072:3,G:G,C:C,G:G,T:T,A:A,C:C,T:T,G:G,G:G,C:C,T:T,A:A,G:G,G:G,T:T,A:A,A:A,G:G,A:A,C:C,C:C,C:C,T:T,C:C,G:G,A:A,C:C,C:C,C:C,G:G
ICMR 100072:4,G:G,C:C,G:G,T:T,A:A,C:C,T:T,G:G,G:G,C:C,T:T,A:A,G:G,G:G,T:T,A:A,A:A,G:G,A:A,C:C,C:C,C:C,T:T,C:C,G:G,A:A,C:C,C:C,C:C,G:G
ICMR 100072:5,G:G,C:C,G:G,T:T,A:A,C:C,T:T,G:G,G:G,C:C,T:T,A:A,G:G,G:G,T:T,A:A,A:A,G:G,A:A,C:C,C:C,C:C,T:T,C:C,G:G,A:A,C:C,C:C,C:C,G:G
ICMR 100072:6,G:G,C:C,G:G,T:T,A:A,C:C,T:T,G:G,G:G,C:C,T:T,A:A,G:G,G:G,T:T,A:A,A:A,G:G,A:A,C:C,C:C,C:C,T:T,C:C,G:G,A:A,C:C,C:C,C:C,G:G
ICMR 100072:7,G:G,C:C,G:G,T:T,A:A,C:C,T:T,G:G,G:G,C:C,T:T,A:A,G:G,G:G,T:T,A:A,A:A,G:G,A:A,C:C,C:C,C:C,T:T,C:C,G:G,A:A,C:C,C:C,C:C,G:G
ICMR 100072:8,G:G,C:C,G:G,T:T,A:A,C:C,T:T,G:G,G:G,C:C,T:T,A:A,G:G,G:G,T:T,A:A,A:A,G:G,A:A,C:C,C:C,C:C,T:T,C:C,G:G,A:A,C:C,C:C,C:C,G:G
ICMR 100094:1,G:G,C:C,G:G,T:T,A:A,C:C,T:T,G:G,G:G,C:C,T:T,A:A,G:G,G:G,T:T,A:A,A:A,G:G,A:A,C:C,C:C,C:C,T:T,C:C,G:G,A:A,C:C,C:C,C:C,G:G
ICMR 100094:2,G:G,C:C,G:G,T:T,A:A,C:C,T:T,G:G,G:G,C:C,T:T,A:A,G:G,G:G,T:T,A:A,A:A,G:G,A:A,C:C,C:C,C:C,T:T,C:C,G:G,A:A,C:C,C:C,C:C,G:G
ICMR 100094:3,G:G,C:C,G:G,T:T,A:A,C:C,T:T,G:G,G:G,C:C,T:T,A:A,G:G,G:G,T:T,A:A,A:A,G:G,A:A,C:C,C:C,C:C,T:T,C:C,G:G,A:A,C:C,C:C,C:C,G:G
ICMR 100094:4,G:G,C:C,G:G,T:T,A:A,C:C,T:T,G:G,G:G,C:C,T:T,A:A,G:G,G:G,T:T,A:A,A:A,G:G,A:A,C:C,C:C,C:C,T:T,C:C,G:G,A:A,C:C,C:C,C:C,G:G
ICMR 100094:5,G:G,C:C,G:G,T:T,A:A,C:C,T:T,G:G,G:G,C:C,T:T,A:A,G:G,G:G,T:T,A:A,A:A,G:G,A:A,C:C,C:C,C:C,T:T,C:C,G:G,A:A,C:C,C:C,C:C,G:G
ICMR 100094:6,G:G,C:C,G:G,T:T,A:A,C:C,T:T,G:G,G:G,C:C,T:T,A:A,G:G,G:G,T:T,A:A,A:A,G:G,A:A,C:C,C:C,C:C,T:T,C:C,G:G,A:A,C:C,C:C,C:C,Uncallable
ICMR 100094:7,G:G,C:C,G:G,T:T,A:A,C:C,T:T,G:G,G:G,C:C,T:T,A:A,G:G,G:G,T:T,A:A,A:A,G:G,A:A,C:C,C:C,C:C,T:T,C:C,G:G,A:A,C:C,C:C,C:C,G:G
ICMR 100094:8,G:G,C:C,G:G,T:T,A:A,C:C,T:T,G:G,G:G,C:C,T:T,A:A,G:G,G:G,T:T,A:A,A:A,G:G,A:A,C:C,C:C,C:C,T:T,C:C,G:G,A:A,C:C,C:C,C:C,G:G
ICMR 100187,A:A,C:C,A:A,A:A,G:G,C:C,C:C,T:T,A:A,C:C,T:T,C:C,G:G,A:A,G:G,A:A,A:A,G:G,A:A,C:C,T:T,A:A,A:A,T:T,T:T,C:C,G:G,C:C,T:T,A:A
ICMR 100294,A:A,T:T,G:G,T:T,A:A,T:T,C:C,G:G,A:A,C:C,C:C,C:C,G:G,A:A,G:G,A:A,A:A,A:A,G:G,C:C,C:C,C:C,A:A,T:T,G:G,A:A,C:C,T:T,T:T,G:G
ICMR 100437,A:A,C:C,G:G,T:T,A:A,T:T,T:T,G:G,A:A,G:G,T:T,A:A,G:G,A:A,G:G,G:G,A:A,G:G,G:G,G:G,C:C,C:C,A:A,T:T,T:T,A:A,G:G,C:C,C:C,A:A
ICMR 100458,A:A,C:C,G:G,T:T,A:A,T:T,T:T,G:G,G:G,G:G,T:T,A:A,G:G,A:A,G:G,G:G,G:A,G:G,G:G,G:G,C:C,C:C,A:A,T:T,T:T,A:A,G:G,C:C,C:C,A:G
ICMR 100487,A:A,C:C,A:A,T:T,G:G,C:C,C:C,T:T,A:A,G:G,T:T,C:C,A:A,A:A,G:G,G:G,G:G,G:G,A:A,C:C,C:C,C:C,T:T,T:T,T:T,C:C,C:C,T:T,T:T,A:A
ICMR 100499,A:A,T:T,N:N,T:T,A:A,T:T,C:C,G:G,A:A,N:N,C:C,A:A,N:N,A:A,G:G,A:A,A:A,A:A,G:G,C:C,C:C,A:A,A:A,T:T,T:T,N:N,G:G,T:T,N:N,A:A
ICMR 100505,N:N,N:N,G:G,T:T,G:G,T:T,C:C,T:T,G:A,C:C,T:T,C:A,G:G,G:G,G:G,G:G,A:A,G:G,A:A,G:G,T:T,A:A,A:A,T:T,T:T,C:A,G:C,T:T,T:T,A:A
ICMR 100509,A:A,C:C,A:A,T:T,A:A,T:T,C:C,G:G,A:A,G:G,T:T,C:C,A:A,A:A,G:G,G:G,A:A,A:A,G:G,C:C,C:C,C:C,T:T,T:T,N:N,A:A,G:C,T:T,C:C,G:G
ICMR 100511,A:A,T:T,A:A,T:T,G:G,C:C,C:C,T:T,A:A,C:C,T:T,C:C,A:G,A:A,G:G,G:G,A:A,G:G,A:G,N:N,C:C,C:C,T:T,T:T,T:T,C:C,C:C,T:T,C:C,A:A
ICMR 100540,G:G,T:T,G:A,T:T,N:N,C:C,T:T,G:G,A:A,C:C,T:T,C:C,G:G,A:A,T:T,G:G,A:A,A:A,N:N,C:C,C:C,C:C,T:T,T:T,T:T,C:C,C:C,T:T,T:T,A:A
ICMR 100931,A:A,T:T,G:G,T:T,G:G,C:C,C:C,T:G,G:G,G:G,T:T,C:C,G:G,A:A,T:T,A:A,G:G,G:G,A:A,C:C,C:C,A:A,A:A,T:T,T:T,C:C,G:G,T:T,T:T,G:G
ICMR 101049,A:A,C:C,G:G,A:A,G:G,C:C,C:C,T:T,A:A,C:C,T:T,C:C,G:G,A:A,G:G,A:A,G:G,G:G,A:A,G:G,C:C,A:A,T:T,T:T,T:T,A:A,G:G,C:C,C:C,G:G
ICMR 101087,G:G,T:T,A:A,A:A,A:A,T:T,C:C,T:T,A:A,G:G,T:T,A:A,G:G,A:A,G:G,A:A,A:A,G:G,A:A,G:G,T:T,A:A,T:T,T:T,T:T,C:C,G:G,C:C,T:T,A:A
ICMR 101140,G:G,C:C,G:A,A:A,G:G,N:N,C:C,T:T,N:N,G:C,T:T,A:A,G:G,A:A,G:G,A:A,A:A,A:A,A:A,C:C,C:C,C:C,A:A,T:T,T:T,C:C,G:G,T:T,T:C,A:G
ICMR 101198:1,A:A,T:T,A:A,T:T,G:G,T:T,C:C,T:T,G:G,C:C,C:C,C:C,G:G,G:G,G:G,G:G,G:G,G:G,A:A,G:G,C:C,A:A,A:A,T:T,T:T,C:C,C:C,C:C,T:T,A:A
ICMR 101198:2,A:A,T:T,A:A,T:T,G:G,T:T,C:C,T:T,G:G,C:C,C:C,C:C,G:G,G:G,G:G,G:G,G:G,G:G,A:A,G:G,C:C,A:A,A:A,T:T,T:T,C:C,C:C,C:C,T:T,A:A
ICMR 101198:3,A:A,T:T,A:A,T:T,G:G,T:T,C:C,T:T,G:G,C:C,C:C,C:C,G:G,G:G,G:G,G:G,G:G,G:G,A:A,G:G,C:C,A:A,A:A,T:T,T:T,C:C,C:C,C:C,T:T,A:A
ICMR 101198:4,A:A,T:T,A:A,T:T,G:G,T:T,C:C,T:T,G:G,C:C,C:C,C:C,G:G,G:G,G:G,G:G,G:G,G:G,A:A,G:G,C:C,A:A,A:A,T:T,T:T,C:C,C:C,C:C,T:T,A:A
ICMR 101198:5,A:A,T:T,A:A,T:T,G:G,T:T,C:C,T:T,G:G,C:C,C:C,C:C,G:G,G:G,G:G,G:G,G:G,G:G,A:A,G:G,C:C,A:A,A:A,T:T,T:T,C:C,C:C,C:C,T:T,A:A
ICMR 101198:6,A:A,T:T,A:A,T:T,G:G,T:T,C:C,T:T,G:G,C:C,C:C,C:C,G:G,G:G,G:G,G:G,G:G,G:G,A:A,G:G,C:C,A:A,A:A,T:T,T:T,C:C,C:C,C:C,T:T,A:A
ICMR 101198:7,A:A,T:T,A:A,T:T,G:G,T:T,C:C,T:T,G:G,C:C,C:C,C:C,G:G,G:G,G:G,G:G,G:G,G:G,A:A,G:G,C:C,A:A,A:A,T:T,T:T,C:C,C:C,C:C,T:T,A:A
ICMR 101198:8,A:A,T:T,A:A,T:T,G:G,T:T,C:C,T:T,G:G,C:C,C:C,C:C,G:G,G:G,G:G,G:G,G:G,G:G,A:A,G:G,C:C,A:A,A:A,T:T,T:T,C:C,C:C,C:C,T:T,A:A
ICMR 101415,A:A,T:T,G:G,T:T,G:G,T:T,C:C,G:G,A:A,G:G,T:T,C:C,G:G,G:G,T:T,A:A,A:A,G:G,A:A,G:G,C:C,A:A,T:T,T:T,T:T,A:A,G:G,C:C,T:T,A:A
ICMR 101699,A:A,T:T,G:G,A:A,G:G,C:C,C:C,G:G,A:A,G:G,C:C,A:A,G:G,G:G,G:G,G:G,A:A,A:A,G:G,C:C,T:T,A:A,A:A,T:T,T:T,A:A,G:G,T:T,T:T,G:G
ICMR 101707,A:A,T:T,G:G,T:T,G:G,T:T,C:C,G:G,A:A,C:C,T:T,A:A,A:A,A:A,G:G,G:G,G:A,G:G,G:G,C:C,C:C,C:C,A:A,T:T,G:G,A:A,C:C,T:T,C:C,A:A
ICMR 101728,A:A,C:C,A:A,T:T,G:G,C:C,T:T,G:G,A:A,C:C,C:C,C:C,G:G,A:A,G:G,A:A,A:A,G:G,G:G,C:C,T:T,C:C,T:T,T:T,T:T,C:C,C:C,T:T,T:T,A:A
ICMR 101742,A:A,T:T,A:A,T:T,A:A,T:T,C:C,G:G,A:A,G:G,T:T,C:C,A:A,A:A,G:G,G:G,A:A,A:A,G:G,C:C,C:C,C:C,T:T,T:T,N:N,A:A,G:C,T:T,N:N,G:G
ICMR 101779,G:G,C:C,A:A,T:T,G:G,C:C,C:C,T:T,G:G,C:C,T:T,C:C,G:G,G:G,G:G,A:A,G:A,G:G,A:A,G:G,T:T,A:A,A:A,T:T,T:T,C:C,G:G,C:C,T:T,A:A
ICMR 101788,G:A,C:C,A:A,A:T,G:G,C:C,T:T,N:N,A:A,G:C,T:T,C:A,A:G,G:G,G:G,A:G,A:A,N:N,G:G,C:C,T:T,A:A,A:T,T:T,T:T,A:A,G:G,T:T,N:N,A:A
ICMR 101989,A:A,C:C,A:A,T:T,A:A,C:C,C:C,G:G,G:G,C:C,C:C,C:C,G:G,A:A,G:G,A:A,G:A,G:G,G:G,C:C,T:T,C:C,A:A,T:T,G:G,A:A,C:C,C:C,C:C,G:G
ICMR 102003,A:A,C:C,A:A,A:A,A:A,C:C,T:T,G:G,G:G,C:C,T:T,C:C,A:A,G:G,T:T,G:G,G:G,A:A,G:G,C:C,T:T,A:A,A:A,T:T,G:G,C:C,C:C,C:C,C:C,G:G
ICMR 102004,A:A,T:T,A:A,T:T,A:A,T:T,C:C,G:G,A:A,G:G,C:C,A:A,A:A,A:A,G:G,A:A,A:A,A:A,G:G,C:C,C:C,C:C,T:T,T:T,T:T,A:A,G:G,T:T,C:C,A:A
ICMR 102061,N:N,C:C,A:A,T:T,G:G,C:C,C:C,T:T,A:A,C:C,N:N,C:C,G:G,A:A,G:G,A:A,N:N,G:G,A:A,G:G,T:T,A:C,N:N,T:T,T:T,C:C,N:N,T:T,T:T,A:A
ICMR 102122,A:A,T:T,G:G,T:T,A:A,T:T,C:C,G:G,A:A,C:C,C:C,C:C,G:G,A:A,G:G,A:A,G:A,G:G,G:G,C:C,C:C,C:C,A:A,T:T,G:G,A:A,C:C,T:T,T:T,G:G
ICMR 102124,G:G,T:T,G:G,T:T,G:G,T:T,C:C,T:T,G:G,C:C,T:T,A:A,G:G,G:G,G:G,G:G,A:A,G:G,A:A,G:G,T:T,A:A,A:A,T:T,T:T,A:A,G:G,T:T,T:T,A:A
ICMR 102180,G:G,C:C,G:G,A:A,G:G,T:T,T:T,T:T,G:G,C:C,C:C,A:A,G:G,A:A,T:T,G:G,A:A,G:G,G:G,C:C,T:T,C:C,A:A,T:T,T:T,N:N,G:G,T:T,C:C,G:G
ICMR 102289,A:A,T:T,G:G,A:A,A:A,T:T,C:T,T:T,A:A,C:C,T:T,A:A,G:G,A:A,G:G,G:G,G:A,G:G,G:G,C:C,C:C,C:C,A:A,T:T,G:T,A:A,G:G,C:C,T:C,N:N
ICMR 102337,A:A,N:N,G:G,A:A,G:G,T:T,C:C,T:G,N:N,C:C,C:C,C:C,G:G,A:A,T:T,G:G,A:A,G:G,A:A,C:C,T:T,A:A,A:A,T:T,T:T,A:A,G:G,T:T,C:C,G:G
ICMR 102339,G:G,T:T,G:G,A:A,G:G,T:T,C:C,T:T,A:A,C:C,C:C,N:N,N:N,A:A,G:G,G:G,G:A,G:G,A:A,G:G,T:T,A:A,T:T,T:T,T:T,A:A,G:G,T:T,C:C,A:A
ICMR 102354,G:G,C:C,A:A,T:T,G:G,C:C,C:C,T:T,A:A,C:C,T:T,A:A,G:G,A:A,G:G,A:A,A:A,G:G,A:A,G:G,T:T,A:A,A:A,T:T,T:T,C:C,G:G,C:C,T:T,A:A
ICMR 102386,G:G,T:T,G:G,T:T,A:A,C:C,C:C,T:T,A:A,C:C,T:T,A:A,G:G,G:G,G:G,A:A,A:A,A:A,G:G,C:C,T:T,A:A,T:T,T:T,T:T,C:C,C:C,C:C,T:T,A:A
ICMR 102387,A:A,C:C,G:G,A:A,A:A,T:T,T:T,G:G,A:A,C:C,C:C,A:A,G:G,G:G,T:T,G:G,A:A,G:G,G:G,C:C,C:C,A:A,A:A,T:T,T:T,C:C,C:C,T:T,C:C,G:G
ICMR 102389,G:G,T:T,G:G,T:T,G:G,T:T,C:C,T:T,G:G,C:C,T:T,A:A,G:G,G:G,G:G,G:G,A:A,G:G,A:A,G:G,T:T,A:A,A:A,T:T,T:T,A:A,G:G,T:T,T:T,A:A
ICMR 102434,A:A,T:T,A:A,T:T,G:G,T:T,C:C,T:G,G:G,C:C,C:T,C:C,A:A,G:G,G:G,G:G,A:A,G:G,A:A,C:C,T:T,C:C,T:T,T:T,T:T,C:C,C:C,T:T,T:T,A:A
ICMR 102436,A:A,T:T,G:G,T:T,A:A,T:T,C:C,T:G,G:G,C:C,T:T,A:A,G:G,A:A,G:G,G:G,A:A,G:G,G:G,C:C,C:C,A:A,A:A,C:C,T:T,N:N,G:G,T:T,T:T,G:G
ICMR 102441,A:A,C:C,A:A,T:T,A:A,T:T,T:T,G:G,G:G,G:G,C:C,A:A,G:G,A:A,T:T,G:G,A:A,G:G,G:G,C:C,C:C,A:A,A:A,T:T,T:T,C:C,C:C,C:C,C:C,N:N
ICMR 102451,G:G,T:T,G:G,T:T,A:A,T:T,T:T,G:G,G:G,G:G,T:T,C:C,G:G,A:A,G:G,A:A,G:G,G:G,G:G,C:C,C:C,C:C,T:T,C:C,T:T,A:A,C:C,T:T,C:C,A:A
ICMR 102454,A:A,N:N,A:A,T:T,A:A,T:T,N:N,G:G,A:A,C:C,T:T,A:A,A:A,A:A,G:G,A:A,G:A,A:A,A:A,C:C,C:C,N:N,T:T,T:T,G:G,A:A,G:G,T:T,C:C,A:A
ICMR 102542:10,A:A,C:C,A:A,T:T,G:G,C:C,C:C,T:T,G:G,C:C,T:T,C:C,G:G,A:A,G:G,A:A,G:G,G:G,A:A,C:C,C:C,A:A,A:A,T:T,T:T,C:C,G:G,C:C,T:T,G:G
ICMR 102542:11,A:A,T:C,A:A,T:T,G:G,C:C,C:C,T:T,G:G,C:C,T:T,C:C,G:G,A:A,G:G,A:A,G:G,G:G,A:A,C:C,C:C,A:A,A:A,T:T,T:T,C:C,G:G,C:C,T:T,G:G
ICMR 102542:12,A:A,T:C,A:A,T:T,G:G,C:C,C:C,T:T,G:G,C:C,T:T,C:C,G:G,A:A,G:G,A:A,G:G,G:G,A:A,C:C,C:C,A:A,A:A,T:T,T:T,C:C,G:G,C:C,T:T,G:G
ICMR 102542:13,A:A,T:T,A:A,T:T,G:G,C:C,C:C,T:T,G:G,C:C,T:T,C:C,G:G,A:A,G:G,A:A,G:G,G:G,A:A,C:C,C:C,A:A,A:A,T:T,T:T,C:C,G:G,C:C,T:T,G:G
ICMR 102542:14,A:A,T:T,A:A,T:T,G:G,C:C,C:C,T:T,G:G,C:C,T:T,C:C,G:G,A:A,G:G,A:A,G:G,G:G,A:A,C:C,C:C,A:A,A:A,T:T,T:T,C:C,G:G,C:C,T:T,G:G
ICMR 102542:15,A:A,C:C,A:A,T:T,G:G,C:C,C:C,T:T,G:G,C:C,T:T,C:C,G:G,A:A,G:G,A:A,G:G,G:G,A:A,C:C,C:C,A:A,A:A,T:T,T:T,C:C,G:G,C:C,T:T,G:G
ICMR 102542:16,A:A,T:T,A:A,T:T,G:G,C:C,C:C,T:T,G:G,C:C,T:T,C:C,G:G,A:A,G:G,A:A,G:G,G:G,A:A,C:C,C:C,A:A,A:A,T:T,T:T,C:C,G:G,C:C,T:T,G:G
ICMR 102542:9,A:A,C:C,A:A,T:T,G:G,C:C,C:C,T:T,G:G,C:C,T:T,C:C,G:G,A:A,G:G,A:A,G:G,G:G,A:A,C:C,C:C,A:A,A:A,T:T,T:T,C:C,G:G,C:C,T:T,G:G
ICMR 102549,G:G,C:C,A:A,T:T,G:G,C:C,C:C,N:N,A:A,C:C,T:T,A:A,G:G,A:A,G:G,A:A,A:A,G:G,A:A,G:G,T:T,A:A,A:A,T:T,T:T,C:C,G:G,C:C,T:T,A:A
ICMR 102612:1,A:A,C:C,G:G,T:T,A:A,C:C,C:C,G:G,A:A,G:G,T:T,C:C,A:A,A:A,G:G,A:A,A:A,G:G,A:A,G:G,T:T,C:C,A:A,C:C,T:T,C:C,G:G,C:C,T:T,A:A
ICMR 102612:2,A:A,C:C,?,T:T,A:A,C:C,?,G:G,A:A,?,T:T,C:C,?,?,G:G,A:A,A:A,G:G,A:A,G:G,T:T,C:C,A:A,C:C,?,C:C,G:G,C:C,?,?
ICMR 102612:3,A:A,C:C,G:G,T:T,A:A,C:C,C:C,G:G,A:A,G:C,T:T,C:C,A:A,A:A,G:G,A:A,A:A,G:G,A:A,G:G,T:T,C:C,A:A,C:C,T:T,C:C,G:G,C:C,T:T,A:A
ICMR 102612:4,A:A,C:C,G:G,T:T,A:A,C:C,C:C,G:G,A:A,G:C,T:T,C:C,A:A,G:A,G:G,A:A,A:A,G:G,A:A,G:G,T:T,C:C,A:A,C:C,T:T,C:C,G:G,C:C,T:T,A:A
ICMR 102612:5,A:A,C:C,G:G,T:T,A:A,C:C,C:C,G:G,A:A,G:G,T:T,C:C,A:A,G:A,G:G,A:A,A:A,G:G,A:A,G:G,T:T,C:C,A:A,C:C,T:T,C:C,G:G,C:C,T:T,A:A
ICMR 102612:6,A:A,C:C,G:G,T:T,A:A,C:C,C:C,T:G,A:A,C:C,T:T,C:C,A:A,G:A,G:G,A:A,A:A,G:G,A:A,G:G,T:T,C:C,A:A,C:C,T:T,C:C,G:G,C:C,T:T,A:A
ICMR 102612:7,A:A,C:C,G:G,T:T,A:A,C:C,C:C,G:G,A:A,G:C,T:T,C:C,A:A,G:A,G:G,A:A,A:A,G:G,A:A,G:G,T:T,C:C,A:A,C:C,T:T,C:C,G:G,C:C,T:T,A:A
ICMR 102612:8,A:A,C:C,G:G,T:T,A:A,C:C,C:C,G:G,A:A,G:C,T:T,C:C,A:A,A:A,G:G,A:A,A:A,G:G,A:A,G:G,T:T,C:C,A:A,C:C,T:T,C:C,G:G,C:C,T:T,A:A
ICMR 102613:1,A:A,C:C,A:A,T:T,G:G,T:T,C:C,T:G,G:G,C:C,C:T,C:C,A:A,A:A,G:G,A:A,A:A,G:G,A:A,G:G,T:T,A:A,A:A,T:T,T:T,C:C,C:C,T:T,T:T,A:A
ICMR 102613:2,A:A,C:C,A:A,T:T,G:G,T:T,C:C,T:G,G:G,C:C,T:T,C:C,A:A,A:A,G:G,A:A,A:A,G:G,A:A,G:G,T:T,A:A,A:A,T:T,T:T,C:C,C:C,T:T,T:T,A:A
ICMR 102613:3,A:A,C:C,A:A,T:T,G:G,T:T,C:C,T:G,G:G,C:C,T:T,C:C,A:A,A:A,G:G,A:A,A:A,G:G,A:A,G:G,T:T,A:A,A:A,T:T,T:T,C:C,C:C,T:T,T:T,A:A
ICMR 102613:4,A:A,C:C,A:A,T:T,G:G,T:T,C:C,T:G,G:G,C:C,T:T,C:C,A:A,A:A,G:G,A:A,A:A,G:G,A:A,G:G,T:T,A:A,A:A,T:T,T:T,C:C,C:C,T:T,T:T,A:A
ICMR 102613:5,A:A,C:C,A:A,T:T,G:G,T:T,C:C,T:G,G:G,C:C,T:T,C:C,A:A,A:A,G:G,A:A,A:A,G:G,A:A,G:G,T:T,A:A,A:A,T:T,T:T,C:C,C:C,T:T,T:T,A:A
ICMR 102613:6,A:A,C:C,A:A,T:T,G:G,T:T,C:C,T:G,G:G,C:C,C:T,C:C,A:A,A:A,G:G,A:A,A:A,G:G,A:A,G:G,T:T,A:A,A:A,T:T,T:T,C:C,C:C,T:T,T:T,A:A
ICMR 102613:7,A:A,C:C,A:A,T:T,G:G,T:T,C:C,T:T,G:G,C:C,C:T,C:C,A:A,A:A,G:G,A:A,A:A,G:G,A:A,G:G,T:T,A:A,A:A,T:T,T:T,C:C,C:C,T:T,T:T,A:A
ICMR 102613:8,A:A,C:C,A:A,T:T,G:G,T:T,C:C,T:G,G:G,C:C,C:T,C:C,A:A,A:A,G:G,A:A,A:A,G:G,A:A,G:G,T:T,A:A,A:A,T:T,T:T,C:C,C:C,T:T,T:T,A:A
ICMR 102614:1,G:G,T:T,A:A,A:A,G:G,C:C,C:C,G:G,A:A,C:C,T:T,C:C,A:A,G:G,T:T,G:G,A:A,G:G,G:G,C:C,T:T,C:C,A:A,C:C,T:T,C:C,C:C,C:C,C:C,G:G
ICMR 102614:2,G:G,T:T,A:A,A:A,G:G,C:C,C:C,G:G,?,C:C,T:T,C:C,A:A,G:G,T:T,G:G,A:A,G:G,G:G,C:C,T:T,C:C,A:A,C:C,T:T,C:C,C:C,C:C,C:C,G:G
ICMR 102614:3,G:G,T:T,A:A,A:A,G:G,C:C,C:C,G:G,A:A,C:C,T:T,C:C,A:A,G:G,T:T,G:G,A:A,G:G,G:G,C:C,T:T,C:C,A:A,C:C,T:T,C:C,C:C,C:C,C:C,G:G
ICMR 102614:4,G:G,T:T,A:A,A:A,G:G,C:C,C:C,G:G,A:A,C:C,T:T,C:C,A:A,G:G,T:T,G:G,A:A,G:G,G:G,C:C,T:T,C:C,A:A,C:C,T:T,C:C,C:C,C:C,C:C,G:G
ICMR 102614:5,G:G,T:T,A:A,A:A,G:G,C:C,C:C,G:G,A:A,C:C,T:T,C:C,A:A,G:G,T:T,G:G,A:A,G:G,G:G,C:C,T:T,C:C,A:A,C:C,T:T,C:C,C:C,C:C,C:C,G:G
ICMR 102614:6,G:G,T:T,A:A,A:A,G:G,C:C,C:C,G:G,?,C:C,T:T,C:C,A:A,G:G,T:T,G:G,A:A,G:G,G:G,C:C,T:T,C:C,A:A,C:C,T:T,C:C,C:C,C:C,C:C,?
ICMR 102614:7,G:G,T:T,A:A,A:A,G:G,C:C,C:C,G:G,?,C:C,T:T,C:C,A:A,G:G,T:T,G:G,A:A,G:G,G:G,C:C,T:T,C:C,A:A,C:C,T:T,C:C,C:C,C:C,C:C,G:G
ICMR 102614:8,G:G,T:T,A:A,A:A,G:G,C:C,C:C,G:G,A:A,C:C,T:T,C:C,A:A,G:G,T:T,G:G,A:A,G:G,G:G,C:C,T:T,C:C,A:A,C:C,T:T,C:C,C:C,C:C,C:C,G:G
ICMR 102615:1,G:G,T:T,G:G,A:A,G:G,C:C,T:T,T:T,A:A,G:C,T:T,A:A,G:G,A:A,T:T,G:G,G:A,G:G,A:A,C:C,T:T,A:A,A:A,T:T,T:T,A:A,C:C,T:T,C:C,A:A
ICMR 102615:2,G:G,T:T,G:G,A:A,G:G,C:C,C:T,T:T,A:A,C:C,T:T,A:A,G:G,A:A,T:T,G:G,G:A,G:G,A:A,C:C,T:T,A:A,A:A,T:T,T:T,A:A,C:C,T:T,C:C,A:A
ICMR 102615:3,G:G,T:T,G:G,A:A,G:G,C:C,T:T,T:T,A:A,C:C,T:T,A:A,G:G,A:A,T:G,G:G,G:A,G:G,A:A,C:C,T:T,A:A,A:A,T:T,T:T,A:A,C:C,T:T,C:C,A:A
ICMR 102615:4,G:G,T:T,G:G,A:A,G:G,C:C,C:C,T:T,A:A,C:C,T:T,A:A,G:G,A:A,T:T,G:G,G:A,G:G,A:A,C:C,T:T,A:A,A:A,T:T,T:T,A:A,C:C,T:T,C:C,A:A
ICMR 102615:5,G:G,T:T,G:G,A:A,G:G,C:C,T:T,T:T,A:A,C:C,T:T,A:A,G:G,A:A,T:G,G:G,G:A,G:G,A:A,C:C,T:T,A:A,A:A,T:T,T:T,A:A,C:C,T:T,C:C,A:A
ICMR 102615:6,G:G,T:T,G:G,A:A,G:G,C:C,C:C,T:T,A:A,C:C,T:T,A:A,G:G,A:A,T:G,G:G,G:A,G:G,A:A,C:C,T:T,A:A,A:A,T:T,T:T,A:A,C:C,T:T,C:C,A:A
ICMR 102615:7,G:G,T:T,G:G,A:A,G:G,C:C,C:C,T:T,A:A,C:C,T:T,A:A,G:G,A:A,T:T,G:G,G:A,G:G,A:A,C:C,T:T,A:A,A:A,T:T,T:T,A:A,C:C,T:T,C:C,A:A
ICMR 102615:8,G:G,T:T,G:G,A:A,G:G,C:C,C:C,T:T,A:A,G:G,T:T,A:A,G:G,A:A,T:T,G:G,G:A,G:G,A:A,C:C,T:T,A:A,A:A,T:T,T:T,A:A,C:C,T:T,C:C,A:A
ICMR 102616:1,G:G,T:T,G:G,T:T,A:A,T:T,T:T,G:G,G:G,C:C,C:C,A:A,G:G,A:A,G:G,G:G,A:A,G:G,G:G,C:C,T:T,C:C,T:T,C:C,T:T,A:A,G:G,C:C,C:C,G:G
ICMR 102616:2,G:G,T:T,G:G,T:T,A:A,T:T,T:T,G:G,G:G,C:C,C:C,A:A,G:G,A:A,G:G,G:G,A:A,G:G,G:G,C:C,T:T,C:C,T:T,C:C,G:G,A:A,C:C,C:C,C:C,G:G
ICMR 102616:3,G:G,T:T,G:G,T:T,A:A,T:T,T:T,G:G,G:G,C:C,C:C,A:A,G:G,A:A,G:G,G:G,A:A,G:G,G:G,C:C,T:T,C:C,T:T,C:C,G:G,A:A,C:C,C:C,C:C,G:G
ICMR 102616:4,G:G,T:T,G:G,T:T,A:A,T:T,T:T,G:G,G:G,C:C,C:C,A:A,G:G,A:A,G:G,G:G,A:A,G:G,G:G,C:C,T:T,C:C,T:T,C:C,G:T,A:A,G:C,C:C,C:C,G:G
ICMR 102616:5,G:G,T:T,G:G,T:T,A:A,T:T,T:T,G:G,G:G,C:C,C:C,A:A,G:G,A:A,G:G,G:G,A:A,G:G,G:G,C:C,T:T,C:C,T:T,C:C,G:G,A:A,C:C,C:C,C:C,G:G
ICMR 102616:6,G:G,T:T,G:G,T:T,A:A,T:T,T:T,G:G,G:G,C:C,C:C,A:A,G:G,A:A,G:G,G:G,A:A,G:G,G:G,C:C,T:T,C:C,T:T,C:C,T:T,C:A,G:G,C:C,C:C,G:G
ICMR 102616:7,G:G,T:T,G:G,T:T,A:A,T:T,T:T,G:G,G:G,C:C,C:C,A:A,G:G,A:A,G:G,G:G,A:A,G:G,G:G,C:C,T:T,C:C,T:T,C:C,T:T,C:A,G:G,C:C,C:C,G:G
ICMR 102616:8,G:G,T:T,G:G,T:T,A:A,T:T,T:T,G:G,G:G,C:C,C:C,A:A,G:G,A:A,G:G,G:G,A:A,G:G,G:G,C:C,T:T,C:C,T:T,C:C,G:T,A:A,G:C,C:C,C:C,G:G
ICMR 102617:1,G:G,C:C,A:A,A:A,G:G,C:C,C:C,G:G,A:A,C:C,C:C,C:C,A:A,A:A,G:G,G:G,A:A,A:A,A:A,G:G,T:T,C:C,A:A,C:C,T:T,A:A,C:C,C:C,T:T,A:A
ICMR 102617:2,G:G,C:C,A:A,A:A,G:G,C:C,C:C,G:G,A:A,C:C,C:C,C:C,A:A,A:A,G:G,G:G,A:A,A:A,A:A,G:G,T:T,C:C,A:A,C:C,T:T,A:A,C:C,C:C,T:T,A:A
ICMR 102617:3,G:G,C:C,A:A,A:A,G:G,C:C,C:C,G:G,A:A,C:C,C:C,C:C,A:A,A:A,G:G,G:G,A:A,A:A,A:A,G:G,T:T,C:C,A:A,C:C,T:T,A:A,C:C,C:C,T:T,A:A
ICMR 102617:4,G:G,C:C,A:A,A:A,G:G,C:C,C:C,G:G,A:A,C:C,C:C,C:C,A:A,A:A,G:G,G:G,A:A,A:A,A:A,G:G,T:T,C:C,A:A,C:C,T:T,A:A,C:C,C:C,T:T,A:A
ICMR 102617:5,G:G,C:C,A:A,A:A,G:G,C:C,C:C,G:G,A:A,C:C,C:C,C:C,A:A,A:A,G:G,G:G,A:A,A:A,A:A,G:G,T:T,C:C,A:A,C:C,T:T,A:A,C:C,C:C,T:T,A:A
ICMR 102617:6,G:G,C:C,A:A,A:A,G:G,C:C,C:C,G:G,A:A,C:C,C:C,C:C,A:A,A:A,G:G,G:G,A:A,A:A,A:A,G:G,T:T,C:C,A:A,C:C,T:T,A:A,C:C,C:C,T:T,A:A
ICMR 102617:7,G:G,C:C,A:A,A:A,G:G,C:C,C:C,G:G,A:A,C:C,C:C,C:C,A:A,A:A,G:G,G:G,A:A,A:A,A:A,G:G,T:T,C:C,A:A,C:C,T:T,A:A,C:C,C:C,T:T,A:A
ICMR 102617:8,G:G,C:C,A:A,A:A,G:G,C:C,C:C,G:G,A:A,C:C,C:C,C:C,A:A,A:A,G:G,G:G,A:A,A:A,A:A,G:G,T:T,C:C,A:A,C:C,T:T,A:A,C:C,C:C,T:T,A:A
ICMR 102618:1,A:A,T:T,G:G,T:T,G:G,T:T,T:T,T:G,G:G,G:G,T:T,A:A,A:A,G:G,T:T,A:A,Uncallable,A:A,G:G,C:C,T:T,A:A,A:A,C:C,T:T,C:C,G:G,C:C,T:T,G:G
ICMR 102618:4,A:A,C:C,G:G,T:T,A:A,T:T,C:C,T:T,G:G,C:C,T:T,C:A,G:G,G:A,G:G,G:G,A:A,G:G,G:G,C:C,C:C,A:A,A:A,T:T,G:G,A:A,G:G,T:T,C:C,A:A
ICMR 102618:5,A:A,C:C,G:G,T:T,A:A,T:T,C:C,T:T,G:G,C:C,T:T,C:C,G:G,G:G,T:G,G:G,A:A,G:G,G:G,C:C,C:C,A:A,A:A,T:T,G:G,?,G:G,T:T,C:C,A:A
ICMR 102618:6,A:A,C:C,G:G,T:T,A:A,T:T,C:C,T:T,G:G,C:C,T:T,C:C,G:G,G:G,G:G,G:G,A:A,G:G,G:G,C:C,C:C,A:A,A:A,T:T,G:G,C:C,G:G,T:T,C:C,A:A
ICMR 102618:7,A:A,C:C,G:G,T:T,A:A,T:T,C:C,T:T,G:G,C:C,T:T,C:C,G:G,G:A,T:G,G:G,A:A,G:G,G:G,C:C,C:C,A:A,A:A,T:T,G:G,C:A,G:G,T:T,C:C,A:A
ICMR 102618:8,A:A,C:C,G:G,T:T,A:A,T:T,C:C,T:T,G:G,C:C,Uncallable,C:A,G:G,A:A,T:T,G:G,A:A,G:G,G:G,C:C,C:C,A:A,A:A,T:T,G:G,A:A,G:G,T:T,C:C,A:A
ICMR 102619:1,A:A,T:T,G:G,T:T,G:G,T:T,T:T,T:G,G:G,G:G,T:T,A:A,A:A,G:G,T:T,A:A,G:G,A:A,G:G,C:C,T:T,A:A,A:A,C:C,T:T,C:C,G:G,C:C,T:T,G:G
ICMR 102619:2,A:A,T:T,G:G,T:T,G:G,T:T,T:T,T:G,G:G,G:G,T:T,A:A,A:A,G:G,T:T,A:A,G:G,A:A,G:G,C:C,T:T,A:A,A:A,C:C,T:T,C:C,G:G,C:C,T:T,G:G
ICMR 102619:3,A:A,T:T,G:G,T:T,G:G,T:T,T:T,T:G,G:G,G:G,T:T,A:A,A:A,G:G,T:T,A:A,G:G,A:A,G:G,C:C,T:T,A:A,A:A,C:C,T:T,C:C,G:G,C:C,T:T,G:G
ICMR 102619:4,A:A,T:T,G:G,T:T,G:G,T:T,T:T,T:G,G:G,G:G,T:T,A:A,A:A,G:G,T:T,A:A,G:G,A:A,G:G,C:C,T:T,A:A,A:A,C:C,T:T,C:C,G:G,C:C,T:T,G:G
ICMR 102619:5,A:A,T:T,G:G,T:T,G:G,T:T,T:T,T:G,G:G,G:G,T:T,A:A,A:A,G:G,T:T,A:A,G:G,A:A,G:G,C:C,T:T,A:A,A:A,C:C,T:T,C:C,G:G,C:C,T:T,G:G
ICMR 102619:6,A:A,T:T,G:G,T:T,G:G,T:T,T:T,T:G,G:G,G:G,T:T,A:A,A:A,G:G,T:T,A:A,G:G,A:A,G:G,C:C,T:T,A:A,A:A,C:C,T:T,C:C,G:G,C:C,T:T,G:G
ICMR 102619:7,A:A,T:T,G:G,T:T,G:G,T:T,T:T,T:G,G:G,G:G,T:T,A:A,A:A,G:G,T:T,A:A,Uncallable,A:A,G:G,C:C,T:T,A:A,A:A,C:C,T:T,C:C,G:G,C:C,T:T,G:G
ICMR 102619:8,A:A,T:T,G:G,T:T,G:G,T:T,T:T,T:G,G:G,G:G,T:T,A:A,A:A,G:G,T:T,A:A,Uncallable,A:A,G:G,C:C,T:T,A:A,A:A,C:C,T:T,C:C,G:G,C:C,T:T,G:G
ICMR 102620:1,A:A,T:T,G:G,T:T,G:G,T:T,T:T,T:G,G:G,G:G,T:T,A:A,A:A,G:G,T:T,A:A,G:G,A:A,G:G,C:C,T:T,A:A,A:A,C:C,T:T,C:C,G:G,C:C,T:T,G:G
ICMR 102620:2,A:A,T:T,G:G,T:T,G:G,T:T,T:T,T:G,G:G,G:G,T:T,A:A,A:A,G:G,T:T,A:A,G:G,A:A,G:G,C:C,T:T,A:A,A:A,C:C,T:T,C:C,G:G,C:C,T:T,G:G
ICMR 102620:3,A:A,T:T,G:G,T:T,G:G,T:T,T:T,T:G,G:G,G:G,T:T,A:A,A:A,G:G,T:T,A:A,G:G,A:A,G:G,C:C,T:T,A:A,A:A,C:C,T:T,C:C,G:G,C:C,T:T,G:G
ICMR 102620:4,A:A,T:T,G:G,T:T,G:G,T:T,T:T,T:G,G:G,G:G,T:T,A:A,A:A,G:G,T:T,A:A,Uncallable,A:A,G:G,C:C,T:T,A:A,A:A,C:C,T:T,C:C,G:G,C:C,T:T,G:G
ICMR 102620:5,A:A,T:T,G:G,T:T,G:G,T:T,T:T,T:G,G:G,G:G,T:T,A:A,A:A,G:G,T:T,A:A,G:A,A:A,G:G,C:C,Uncallable,A:A,A:A,C:C,T:T,C:C,G:G,C:C,T:T,G:G
ICMR 102620:6,A:A,T:T,G:G,T:T,G:G,T:T,T:T,T:G,G:G,G:G,T:T,A:A,A:A,G:G,T:T,A:A,G:G,A:A,G:G,C:C,C:T,A:A,A:A,C:C,T:T,C:C,G:G,C:C,T:T,G:G
ICMR 102620:7,A:A,T:T,G:G,T:T,G:G,T:T,T:T,T:G,G:G,G:G,T:T,A:A,A:A,G:G,T:T,A:A,Uncallable,A:A,G:G,C:C,T:T,A:A,A:A,C:C,T:T,C:C,G:G,C:C,T:T,G:G
ICMR 102620:8,A:A,T:T,G:G,T:T,G:G,T:T,T:T,T:G,G:G,G:G,T:T,A:A,A:A,G:G,T:T,A:A,G:G,A:A,G:G,C:C,T:T,A:A,A:A,C:C,T:T,C:C,G:G,C:C,T:T,G:G
ICMR 102621,A:A,T:T,A:A,T:T,A:A,T:T,N:N,T:T,G:G,C:C,T:T,C:C,G:G,G:G,G:G,G:G,A:A,N:N,N:N,C:C,T:T,C:C,A:A,N:N,T:T,N:N,G:G,N:N,N:N,A:A
ICMR 102622,A:A,C:C,A:A,T:T,G:G,C:C,C:C,T:T,A:A,C:C,T:T,C:C,G:G,A:A,G:G,A:A,A:A,G:G,A:A,C:C,C:C,A:A,A:A,T:T,T:T,C:C,G:G,T:T,T:T,A:A
ICMR 102623,A:A,T:T,G:G,A:A,G:G,T:T,C:C,T:T,A:A,G:G,T:T,C:C,G:G,A:A,G:G,G:G,G:G,G:G,A:A,C:C,C:C,A:A,T:T,T:T,T:T,A:A,G:G,T:T,T:T,A:A
ICMR 102624,G:G,C:C,G:G,T:T,G:G,T:T,C:C,G:G,G:G,G:G,T:T,A:A,G:G,A:A,G:G,G:G,A:A,G:G,A:A,G:G,T:T,A:A,A:A,T:T,T:T,C:C,C:C,T:T,C:C,G:G
ICMR 10888,A:A,T:T,G:G,T:T,G:G,T:T,C:C,T:T,A:A,G:G,T:T,C:C,G:G,A:A,T:T,A:A,A:A,G:G,A:A,C:C,C:C,A:A,T:T,T:T,T:T,A:A,G:G,T:T,T:T,G:G
ICMR 11003,A:A,T:T,G:G,T:T,G:G,T:T,C:C,T:G,A:A,G:G,T:T,C:C,G:G,A:A,T:T,A:A,G:G,G:G,A:A,N:N,N:N,A:A,A:A,T:T,T:T,N:N,G:G,T:T,T:T,A:A
ICMR 12111,A:A,N:N,N:N,A:A,A:A,N:N,N:N,T:T,N:N,N:N,T:T,N:N,N:N,G:G,N:N,N:N,N:N,A:A,N:N,C:C,T:T,A:A,T:T,N:N,T:T,N:N,N:N,C:C,N:N,N:N
ICMR 12222,G:G,T:T,G:G,T:T,G:G,T:T,T:T,G:G,A:A,C:C,T:T,A:A,G:G,A:A,G:G,G:G,A:A,A:A,N:N,C:C,T:T,C:C,T:T,T:T,T:T,A:A,C:C,T:T,C:C,A:A
ICMR 12888,G:G,T:T,G:G,T:T,A:A,C:C,T:T,T:G,N:N,G:G,C:C,C:C,G:G,A:A,G:G,G:G,G:A,G:G,A:A,G:G,C:C,C:C,T:T,T:T,T:T,C:C,C:C,T:T,T:T,A:A
ICMR 13999,A:A,T:T,A:A,T:T,G:G,T:T,C:C,T:G,G:G,C:C,T:T,A:A,G:G,G:G,G:G,G:G,G:G,G:G,G:G,G:G,T:T,A:A,A:A,C:C,G:G,A:A,G:G,T:T,T:T,A:A
ICMR 14222,N:N,T:C,G:A,N:N,A:G,C:T,C:C,G:G,N:N,G:C,T:T,C:A,A:G,G:A,T:G,A:G,A:A,G:G,A:G,C:C,T:T,N:N,A:A,T:T,T:T,N:N,N:N,T:T,C:C,A:G
ICMR 15666,A:A,T:T,G:G,T:T,G:G,T:T,C:C,G:G,A:A,C:C,C:C,C:C,A:A,A:A,G:G,G:G,G:A,G:G,G:G,C:C,C:C,C:C,A:A,T:T,G:G,A:A,C:C,T:T,T:T,G:G
ICMR 15999,A:A,N:N,N:N,N:N,N:N,N:N,C:C,N:N,A:A,C:C,N:N,C:C,G:G,A:A,N:N,N:N,A:A,N:N,G:G,N:N,C:C,N:N,A:A,T:T,N:N,N:N,N:N,N:N,T:T,N:N
ICMR 16444,G:G,T:T,G:G,T:T,A:A,C:C,C:C,T:T,A:A,C:C,T:T,A:A,G:G,G:G,G:G,A:A,A:A,A:A,G:G,C:C,T:T,A:A,T:T,T:T,T:T,C:C,C:C,C:C,T:T,A:A
ICMR 17222,A:A,C:C,G:G,T:T,A:A,T:T,T:T,G:G,A:A,G:G,T:T,A:A,G:G,A:A,G:G,G:G,A:A,G:G,G:G,G:G,C:C,C:C,A:A,T:T,T:T,A:A,G:G,C:C,C:C,A:A
ICMR 1804,A:A,T:T,G:G,A:A,G:G,T:T,C:C,T:T,G:G,C:C,T:T,C:C,G:G,N:N,T:T,G:G,A:A,G:G,A:A,C:C,T:T,A:A,T:T,T:T,G:G,C:C,G:G,T:T,C:C,A:A
ICMR 18777,G:G,C:C,A:A,T:T,G:G,C:C,C:C,T:T,A:A,C:C,T:T,A:A,G:G,A:A,G:G,A:A,A:A,G:G,A:A,G:G,T:T,A:A,A:A,T:T,T:T,C:C,G:G,C:C,T:T,A:A
ICMR 1905,G:G,C:C,A:A,T:T,G:G,C:C,C:C,T:T,A:A,C:C,T:T,A:A,G:G,G:G,G:G,A:A,A:A,G:G,A:A,G:G,T:T,A:A,A:A,T:T,T:T,C:C,C:C,C:C,T:T,A:A
ICMR 1908:1,A:A,T:T,G:G,T:T,G:G,C:C,C:C,T:T,A:A,C:C,C:C,C:C,A:A,A:A,G:G,A:A,G:G,G:G,A:A,C:C,C:C,A:A,A:A,T:T,T:T,C:C,G:G,T:T,T:T,A:A
ICMR 1908:2,A:A,T:T,G:G,T:T,G:G,C:C,C:C,T:T,A:A,C:C,C:C,C:C,A:A,A:A,G:G,A:A,G:G,G:G,A:A,C:C,C:C,A:A,A:A,T:T,T:T,C:C,G:G,T:T,T:T,A:A
ICMR 1908:3,A:A,T:T,G:G,T:T,G:G,C:C,C:C,T:T,A:A,C:C,C:C,C:C,A:G,A:A,G:G,A:A,G:A,G:G,A:A,C:C,C:C,A:A,A:A,T:T,Uncallable,C:C,G:G,T:T,Uncallable,A:A
ICMR 1908:4,A:A,T:T,G:G,T:T,G:G,C:C,C:C,T:T,A:A,C:C,C:C,C:C,A:A,A:A,T:T,A:A,G:G,G:G,A:A,C:C,C:C,A:A,A:A,T:T,T:T,C:C,G:G,T:T,T:T,A:A
ICMR 1908:5,A:A,T:T,G:G,T:T,G:G,C:C,C:C,T:T,A:A,C:C,C:C,C:C,A:A,A:A,G:G,A:A,G:G,G:G,A:A,C:C,C:C,A:A,A:A,T:T,T:T,C:C,G:G,T:T,T:T,A:A
ICMR 1908:6,A:A,T:T,G:G,T:T,G:G,C:C,C:C,T:T,A:A,C:C,C:C,C:C,A:A,A:A,T:T,A:A,G:G,G:G,A:A,C:C,C:C,A:A,A:A,T:T,T:T,C:C,G:G,T:T,T:T,A:A
ICMR 1908:7,A:A,T:T,G:G,T:T,G:G,C:C,C:C,T:T,A:A,C:C,C:C,C:C,A:A,A:A,G:G,A:A,G:G,G:G,A:A,C:C,C:C,A:A,A:A,T:T,T:T,C:C,G:G,T:T,T:T,A:A
ICMR 1908:8,A:A,T:T,G:G,T:T,G:G,C:C,C:C,T:T,A:A,C:C,C:C,C:C,A:A,A:A,G:G,A:A,G:G,G:G,A:A,C:C,C:C,A:A,A:A,T:T,T:T,C:C,G:G,T:T,T:T,A:A
ICMR 19777,A:A,C:C,A:A,T:T,A:A,C:C,C:C,G:G,G:G,C:C,C:C,C:C,G:G,A:A,G:G,A:A,G:A,G:G,A:A,C:C,C:C,C:C,A:A,T:T,G:G,A:A,C:C,C:C,C:C,G:G
ICMR 19888,G:G,C:C,A:A,T:T,G:G,C:C,C:C,T:T,G:G,C:C,T:T,A:A,G:G,A:A,G:G,A:A,A:A,G:G,A:A,G:G,T:T,A:A,A:A,T:T,T:T,C:C,C:C,C:C,T:T,A:A
